strain	virus	accession	date	region	country	segment	host	virus_type	originating_lab	submitting_lab	authors	url	title	journal	paper_url
UNKNOWN_CS079027	sarslike	CS079027	?	?	Na	genome	Unknown	SARS related coronavirus	?	?	Herold et al	https://www.ncbi.nlm.nih.gov/nuccore/CS079027	Sars-coronavirus virus-like particles and methods of use	Patent: WO 2005035556-A2 15 21-APR-2005; Iguazu Biosciences Corp. (US)	?
TW11	sarslike	AY502924	2003-XX-XX	China	Taiwan	genome	Human	SARS related coronavirus	?	?	Yeh et al	https://www.ncbi.nlm.nih.gov/nuccore/AY502924	Characterization of severe acute respiratory syndrome coronavirus genomes in Taiwan: molecular epidemiology and genome evolution	Proc. Natl. Acad. Sci. U.S.A. 101 (8), 2542-2547 (2004)	?
SARS/VeroE6_lab/USA/WTic_c2P20/2009	sarslike	KF514409	2009-07-08	North America	USA	genome	Unknown	SARS related coronavirus	?	?	Town et al	https://www.ncbi.nlm.nih.gov/nuccore/KF514409	Direct Submission	Submitted (08-JUL-2013) J. Craig Venter Institute, 9704 Medical Center Drive, Rockville, MD 20850, USA	?
ZJ01	sarslike	AY297028	?	China	China	genome	Unknown	SARS related coronavirus	?	?	Li et al	https://www.ncbi.nlm.nih.gov/nuccore/AY297028	SARS coronavirus ZJ01 isolate genome sequence	Unpublished	?
Sin842	sarslike	AY559081	2003-XX-XX	Southeast Asia	Singapore	genome	Human	SARS related coronavirus	?	?	Vega et al	https://www.ncbi.nlm.nih.gov/nuccore/AY559081	Mutational dynamics of the SARS coronavirus in cell culture and human populations isolated in 2003	BMC Infect. Dis. 4, 32 (2004)	?
SIN2774	sarslike	AY283798	?	Southeast Asia	Singapore	genome	Unknown	SARS related coronavirus	?	?	Ruan et al	https://www.ncbi.nlm.nih.gov/nuccore/AY283798	Comparative full-length genome sequence analysis of 14 SARS coronavirus isolates and common mutations associated with putative origins of infection	Lancet 361 (9371), 1779-1785 (2003)	?
SIN2748	sarslike	AY283797	?	Southeast Asia	Singapore	genome	Unknown	SARS related coronavirus	?	?	Ruan et al	https://www.ncbi.nlm.nih.gov/nuccore/AY283797	Comparative full-length genome sequence analysis of 14 SARS coronavirus isolates and common mutations associated with putative origins of infection	Lancet 361 (9371), 1779-1785 (2003)	?
BetaCoV/Wuhan/IVDC-HB-04/2020	sarslike	EPI_ISL_402120	2020-01-01	China	China	genome	Human	novel coronavirus	National Institute for Viral Disease Control and Prevention, China CDC	National Institute for Viral Disease Control and Prevention, China CDC	Wenjie Tan, Xiang Zhao, Wenling Wang, Xuejun Ma, Yongzhong Jiang, Roujian Lu, Ji Wang, Weimin Zhou, Peihua Niu, Peipei Liu, Faxian Zhan, Weifeng Shi, Baoying Huang, Jun Liu, Li Zhao, Yao Meng, Xiaozhou He, Fei Ye, Na Zhu, Yang Li, Jing Chen, Wenbo Xu, George F. Gao, Guizhen Wu	https://www.gisaid.org/	Newly discovered betacoronavirus, Wuhan 2019-2020	?	?
UNKNOWN_DL008527	sarslike	DL008527	?	?	Na	genome	Unknown	SARS related coronavirus	?	?	Charneau et al	https://www.ncbi.nlm.nih.gov/nuccore/DL008527	NOVEL STRAIN OF SARS-ASSOCIATED CORONAVIRUS AND APPLICATIONS	Patent: JP 2007536907-A 1 20-DEC-2007; INSTITUT PASTEUR,CENTRE NATIONAL DE LA RECHERCHE SCIENTIFIQUE, UNIVERSITE PARIS 7,Sylvie VAN DER WERF,Nicolas ESCRIOU, Bernadette CRESCENZO-CHAIGNE,Jean-Claude MANUGUERRA,Franck KUNST, Benoit CALLENDRET,Jean-Michel BETTON,Valerie LORIN,Sylvie GERBAUD, Ana Maria BURGUIERE,Saliha AZEBI,Pierre CHARNEAU,Frederic TANGY, Chantal COMBREDET,Jean-Francois DELAGNEAU,Monique MARTIN	?
HSZ_A	sarslike	AY394984	?	?	Na	genome	Unknown	SARS related coronavirus	?	?	?	https://www.ncbi.nlm.nih.gov/nuccore/AY394984	From independent foci of epidemic outbreak to large genomic alteration in late phase viruses: evolution of the SARS-coronavirus	Unpublished	?
YNLF_31C	sarslike	KP886808	2013-05-23	China	China	genome	Bat	SARS related coronavirus	?	?	Lau et al	https://www.ncbi.nlm.nih.gov/nuccore/KP886808	Direct Submission	Submitted (04-MAR-2015) Department of Microbiology, The University of Hong Kong, University Pathology Building, Queen Mary Hospital, Hong Kong, Hong Kong	?
Sin852	sarslike	AY559082	2003-XX-XX	Southeast Asia	Singapore	genome	Human	SARS related coronavirus	?	?	Vega et al	https://www.ncbi.nlm.nih.gov/nuccore/AY559082	Mutational dynamics of the SARS coronavirus in cell culture and human populations isolated in 2003	BMC Infect. Dis. 4, 32 (2004)	?
SZ3	sarslike	AY304486	2003-XX-XX	China	Hong Kong	genome	Civet	SARS related coronavirus	?	?	Guan et al	https://www.ncbi.nlm.nih.gov/nuccore/AY304486	Isolation and characterization of viruses related to the SARS coronavirus from animals in southern China	Science 302 (5643), 276-278 (2003)	?
HKU3_10	sarslike	GQ153545	?	?	Na	genome	Unknown	SARS related coronavirus	?	?	Lau et al	https://www.ncbi.nlm.nih.gov/nuccore/GQ153545	Ecoepidemiology and complete genome comparison of different strains of severe acute respiratory syndrome-related Rhinolophus bat coronavirus in China reveal bats as a reservoir for acute, self-limiting infection that allows recombination events	J. Virol. 84 (6), 2808-2819 (2010)	?
TC1	sarslike	AY338174	?	China	Taiwan	genome	Unknown	SARS related coronavirus	?	?	Shih et al	https://www.ncbi.nlm.nih.gov/nuccore/AY338174	SARS-CoV infection was from at least two origins in the Taiwan area	Intervirology 48 (2-3), 124-132 (2005)	?
UNKNOWN_CS362782	sarslike	CS362782	?	?	Na	genome	Unknown	SARS related coronavirus	?	?	enjuanes Sanches et al	https://www.ncbi.nlm.nih.gov/nuccore/CS362782	Vaccine against severe accute respiratory syndrome causing coronavirus (sars-cov)	Patent: WO 2006024543-A1 2 09-MAR-2006; CONSEJO SUPERIOR DE INVESTIGACIONES CIENTIFICAS (ES)	?
SARS/VeroE6_lab/USA/ExoN1_c13P20/2009	sarslike	KF514412	2009-07-08	North America	USA	genome	Unknown	SARS related coronavirus	?	?	Town et al	https://www.ncbi.nlm.nih.gov/nuccore/KF514412	Direct Submission	Submitted (08-JUL-2013) J. Craig Venter Institute, 9704 Medical Center Drive, Rockville, MD 20850, USA	?
Sin845	sarslike	AY559093	?	Southeast Asia	Singapore	genome	Unknown	SARS related coronavirus	?	?	Vega et al	https://www.ncbi.nlm.nih.gov/nuccore/AY559093	Mutational dynamics of the SARS coronavirus in cell culture and human populations isolated in 2003	BMC Infect. Dis. 4, 32 (2004)	?
P2	sarslike	FJ882963	2004-08-10	North America	USA	genome	Human	SARS related coronavirus	?	?	Spiro et al	https://www.ncbi.nlm.nih.gov/nuccore/FJ882963	Direct Submission	Submitted (31-MAR-2009) J. Craig Venter Institute, 9704 Medical Center Drive, Rockville, MD 20850, USA	?
HC/SZ/266/03	sarslike	AY545916	2003-XX-XX	China	China	genome	Civet	SARS related coronavirus	?	?	Guan et al	https://www.ncbi.nlm.nih.gov/nuccore/AY545916	An Averted SARS Outbreak?	Unpublished	?
UNKNOWN_DL476508	sarslike	DL476508	?	?	Na	genome	Unknown	SARS related coronavirus	?	?	Han et al	https://www.ncbi.nlm.nih.gov/nuccore/DL476508	MODIFIED SMALL INTERFERING RNA MOLECULES AND METHODS OF USE	Patent: JP 2008514242-A 1 08-MAY-2008; CHIRON CORPORATION	?
UNKNOWN_DJ059785	sarslike	DJ059785	?	?	Na	genome	Unknown	SARS related coronavirus	?	?	Betton et al	https://www.ncbi.nlm.nih.gov/nuccore/DJ059785	NOVEL STRAIN OF SARS-ASSOCIATED CORONAVIRUS AND APPLICATIONS	Patent: JP 2007512826-A 21 24-MAY-2007; INSTITUT PASTEUR,CENTRE NATIONAL DE LA RECHERCHE SCIENTIFIQUE, UNIVERSITE PARIS 7,Sylvie VAN DER WERF,Nicolas ESCRIOU, Bernadette CRESCENZO-CHAIGNE,Jean-Claude MANUGUERRA,Franck KUNST, Benoit CALLENDRET,Jean-Michel BETTON,Valerie LORIN,Sylvie GERBAUD, Ana Maria BURGUIERE,Saliha AZEBI,Pierre CHARNEAU,Frederic TANGY, Chantal COMBREDET,Jean-Francois DELAGNEAU,Monique MARTIN	?
ZJ01b	sarslike	AY286320	?	China	China	genome	Unknown	SARS related coronavirus	?	?	Li et al	https://www.ncbi.nlm.nih.gov/nuccore/AY286320	Severe acute respiratory syndrome-associated coronavirus genotype and its characterization	Chin. Med. J. 116 (9), 1288-1292 (2003)	?
BetaCoV/Wuhan/WIV04/2019	sarslike	EPI_ISL_402124	2019-12-30	China	China	genome	Human	novel coronavirus	Wuhan Jinyintan Hospital	Wuhan Institute of Virology, Chinese Academy of Sciences	Peng Zhou, Xing-Lou Yang, Ding-Yu Zhang, Lei Zhang, Yan Zhu, Hao-Rui Si, Zhengli Shi	https://www.gisaid.org/	Newly discovered betacoronavirus, Wuhan 2019-2020	?	?
SARS/VeroE6_lab/USA/ExoN1_c5.6P20/2010	sarslike	KF514402	2010-10-01	North America	USA	genome	Unknown	SARS related coronavirus	?	?	Town et al	https://www.ncbi.nlm.nih.gov/nuccore/KF514402	Direct Submission	Submitted (08-JUL-2013) J. Craig Venter Institute, 9704 Medical Center Drive, Rockville, MD 20850, USA	?
HKU3_7	sarslike	GQ153542	?	?	Na	genome	Unknown	SARS related coronavirus	?	?	Lau et al	https://www.ncbi.nlm.nih.gov/nuccore/GQ153542	Ecoepidemiology and complete genome comparison of different strains of severe acute respiratory syndrome-related Rhinolophus bat coronavirus in China reveal bats as a reservoir for acute, self-limiting infection that allows recombination events	J. Virol. 84 (6), 2808-2819 (2010)	?
WHU	sarslike	AY394850	2003-XX-XX	?	Na	genome	Human	SARS related coronavirus	?	?	Yan et al	https://www.ncbi.nlm.nih.gov/nuccore/AY394850	SARS coronavirus induces apoptosis in Vero E6 cells	J. Med. Virol. 73 (3), 323-331 (2004)	?
Rs4874	sarslike	KY417150	2013-07-21	China	China	genome	Bat	SARS related coronavirus	?	?	Hu et al	https://www.ncbi.nlm.nih.gov/nuccore/KY417150	Discovery of a rich gene pool of bat SARS-related coronaviruses provides new insights into the origin of SARS coronavirus	PLoS Pathog. 13 (11), e1006698 (2017)	?
Sequence_67_from_Patent_WO2004011647	sarslike	CS254197	?	?	Na	genome	Unknown	SARS related coronavirus	?	?	Han et al	https://www.ncbi.nlm.nih.gov/nuccore/CS254197	Modified small interfering rna molecules and methods of use	Patent: WO 2004011647-A1 67 05-FEB-2004; CHIRON CORPORATION (US)	?
Sin848	sarslike	AY559085	2003-XX-XX	Southeast Asia	Singapore	genome	Human	SARS related coronavirus	?	?	Vega et al	https://www.ncbi.nlm.nih.gov/nuccore/AY559085	Mutational dynamics of the SARS coronavirus in cell culture and human populations isolated in 2003	BMC Infect. Dis. 4, 32 (2004)	?
TJF	sarslike	AY654624	?	China	Taiwan	genome	Swine	SARS related coronavirus	?	?	Chen et al	https://www.ncbi.nlm.nih.gov/nuccore/AY654624	SARS-associated coronavirus transmitted from human to pig	Emerging Infect. Dis. 11 (3), 446-448 (2005)	?
HKU3_4	sarslike	GQ153539	?	?	Na	genome	Unknown	SARS related coronavirus	?	?	Lau et al	https://www.ncbi.nlm.nih.gov/nuccore/GQ153539	Ecoepidemiology and complete genome comparison of different strains of severe acute respiratory syndrome-related Rhinolophus bat coronavirus in China reveal bats as a reservoir for acute, self-limiting infection that allows recombination events	J. Virol. 84 (6), 2808-2819 (2010)	?
recSARS_CoV_HKU_39849	sarslike	JN854286	2003-04-16	Europe	United Kingdom	genome	Unknown	SARS related coronavirus	?	?	van den Worm et al	https://www.ncbi.nlm.nih.gov/nuccore/JN854286	Reverse genetics of SARS-related coronavirus using vaccinia virus-based recombination	PLoS ONE 7 (3), E32857 (2012)	?
TWK	sarslike	AP006559	?	China	Taiwan	genome	Human	SARS related coronavirus	?	?	Shu et al	https://www.ncbi.nlm.nih.gov/nuccore/AP006559	The complete genome of SARS coronavirus TWK	Published Only in Database (2003)	?
GZ60	sarslike	AY304491	?	China	Hong Kong	genome	Unknown	SARS related coronavirus	?	?	Guan et al	https://www.ncbi.nlm.nih.gov/nuccore/AY304491	Isolation and characterization of viruses related to the SARS coronavirus from animals in southern China	Science 302 (5643), 276-278 (2003)	?
CV7	sarslike	DQ898174	?	North America	Canada	genome	Unknown	SARS related coronavirus	?	?	Tylor et al	https://www.ncbi.nlm.nih.gov/nuccore/DQ898174	The SR-rich motif in SARS-CoV nucleocapsid protein is important for virus replication	Can. J. Microbiol. 55 (3), 254-260 (2009)	?
UNKNOWN_CS480528	sarslike	CS480528	?	?	Na	genome	Unknown	SARS related coronavirus	?	?	enjuanes Sanches et al	https://www.ncbi.nlm.nih.gov/nuccore/CS480528	Attenuated sars and use as a vaccine	Patent: WO 2006136448-A2 2 28-DEC-2006; Consejo Superior de Investigaciones Cientificas (ES)	?
TWH	sarslike	AP006557	?	China	Taiwan	genome	Human	SARS related coronavirus	?	?	Shu et al	https://www.ncbi.nlm.nih.gov/nuccore/AP006557	The complete genome of SARS coronavirus TWH	Published Only in Database (2003)	?
SARS/VeroE6_lab/USA/ExoN1_c5.7P20/2010	sarslike	KF514407	2010-10-01	North America	USA	genome	Unknown	SARS related coronavirus	?	?	Town et al	https://www.ncbi.nlm.nih.gov/nuccore/KF514407	Direct Submission	Submitted (08-JUL-2013) J. Craig Venter Institute, 9704 Medical Center Drive, Rockville, MD 20850, USA	?
GD01	sarslike	AY278489	2003-XX-XX	?	Na	genome	Human	SARS related coronavirus	?	?	Wu et al	https://www.ncbi.nlm.nih.gov/nuccore/AY278489	The E protein is a multifunctional membrane protein of SARS-CoV	Genomics Proteomics Bioinformatics 1 (2), 131-144 (2003)	?
SARS/VeroE6_lab/USA/WTic_c3P10/2009	sarslike	KF514396	2009-05-19	North America	USA	genome	Unknown	SARS related coronavirus	?	?	Town et al	https://www.ncbi.nlm.nih.gov/nuccore/KF514396	Direct Submission	Submitted (08-JUL-2013) J. Craig Venter Institute, 9704 Medical Center Drive, Rockville, MD 20850, USA	?
HSZ_Bb	sarslike	AY394985	?	?	Na	genome	Unknown	SARS related coronavirus	?	?	?	https://www.ncbi.nlm.nih.gov/nuccore/AY394985	From independent foci of epidemic outbreak to large genomic alteration in late phase viruses: evolution of the SARS-coronavirus	Unpublished	?
HKU_65806	sarslike	AY304493	?	China	Hong Kong	genome	Unknown	SARS related coronavirus	?	?	Guan et al	https://www.ncbi.nlm.nih.gov/nuccore/AY304493	Isolation and characterization of viruses related to the SARS coronavirus from animals in southern China	Science 302 (5643), 276-278 (2003)	?
CUHK_W1	sarslike	AY278554	2003-XX-XX	China	Hong Kong	genome	Human	SARS related coronavirus	?	?	Tsui et al	https://www.ncbi.nlm.nih.gov/nuccore/AY278554	Coronavirus genomic-sequence variations and the epidemiology of the severe acute respiratory syndrome	N. Engl. J. Med. 349 (2), 187-188 (2003)	?
UNKNOWN_AH013657	sarslike	AH013657	?	?	Na	genome	Unknown	SARS related coronavirus	?	?	Chim et al	https://www.ncbi.nlm.nih.gov/nuccore/AH013657	Genomic sequencing of a SARS coronavirus isolate that predated the Metropole Hotel case cluster in Hong Kong	Clin. Chem. 50 (1), 231-233 (2004)	?
SZ1	sarslike	AY304489	?	China	Hong Kong	genome	Unknown	SARS related coronavirus	?	?	Guan et al	https://www.ncbi.nlm.nih.gov/nuccore/AY304489	Isolation and characterization of viruses related to the SARS coronavirus from animals in southern China	Science 302 (5643), 276-278 (2003)	?
PUMC01	sarslike	AY350750	?	?	Na	genome	Unknown	SARS related coronavirus	?	?	Zou et al	https://www.ncbi.nlm.nih.gov/nuccore/AY350750	Direct Submission	Submitted (24-JUL-2003) Biochemistry and Molecular Biology, Chinese Academy of Medical Sciences and Peking Union Medical College, 5# Dong Dan San Tiao, Beijing 100005, P.R. China	?
Sin3408L	sarslike	AY559097	?	Southeast Asia	Singapore	genome	Unknown	SARS related coronavirus	?	?	Vega et al	https://www.ncbi.nlm.nih.gov/nuccore/AY559097	Mutational dynamics of the SARS coronavirus in cell culture and human populations isolated in 2003	BMC Infect. Dis. 4, 32 (2004)	?
SARS/VeroE6_lab/USA/WTic_c1P20/2009	sarslike	KF514394	2009-07-08	North America	USA	genome	Unknown	SARS related coronavirus	?	?	Town et al	https://www.ncbi.nlm.nih.gov/nuccore/KF514394	Direct Submission	Submitted (08-JUL-2013) J. Craig Venter Institute, 9704 Medical Center Drive, Rockville, MD 20850, USA	?
TC3	sarslike	AY348314	?	China	Taiwan	genome	Unknown	SARS related coronavirus	?	?	Shih et al	https://www.ncbi.nlm.nih.gov/nuccore/AY348314	SARS-CoV infection was from at least two origins in the Taiwan area	Intervirology 48 (2-3), 124-132 (2005)	?
UNKNOWN_AH013709	sarslike	AH013709	?	Southeast Asia	Singapore	genome	Unknown	SARS related coronavirus	?	?	Lim et al	https://www.ncbi.nlm.nih.gov/nuccore/AH013709	Laboratory-acquired severe acute respiratory syndrome (SARS) - Singapore 2003	Unpublished	?
LC5	sarslike	AY395002	2003-XX-XX	?	Na	genome	Human	SARS related coronavirus	?	?	?	https://www.ncbi.nlm.nih.gov/nuccore/AY395002	From independent foci of epidemic outbreak to large genomic alteration in late phase viruses: evolution of the SARS-coronavirus	Unpublished	?
HZS2_Fb	sarslike	AY394987	?	?	Na	genome	Unknown	SARS related coronavirus	?	?	?	https://www.ncbi.nlm.nih.gov/nuccore/AY394987	From independent foci of epidemic outbreak to large genomic alteration in late phase viruses: evolution of the SARS-coronavirus	Unpublished	?
TW5	sarslike	AY502928	2003-XX-XX	China	Taiwan	genome	Human	SARS related coronavirus	?	?	Yeh et al	https://www.ncbi.nlm.nih.gov/nuccore/AY502928	Characterization of severe acute respiratory syndrome coronavirus genomes in Taiwan: molecular epidemiology and genome evolution	Proc. Natl. Acad. Sci. U.S.A. 101 (8), 2542-2547 (2004)	?
HSR_1	sarslike	AY323977	?	Europe	Italy	genome	Human	SARS related coronavirus	?	?	Vicenzi et al	https://www.ncbi.nlm.nih.gov/nuccore/AY323977	Coronaviridae and SARS-associated coronavirus strain HSR1	Emerging Infect. Dis. 10 (3), 413-418 (2004)	?
BJ02	sarslike	AY278487	2003-XX-XX	China	China	genome	Human	SARS related coronavirus	?	?	Wu et al	https://www.ncbi.nlm.nih.gov/nuccore/AY278487	The E protein is a multifunctional membrane protein of SARS-CoV	Genomics Proteomics Bioinformatics 1 (2), 131-144 (2003)	?
SinP3	sarslike	AY559090	?	Southeast Asia	Singapore	genome	Unknown	SARS related coronavirus	?	?	Vega et al	https://www.ncbi.nlm.nih.gov/nuccore/AY559090	Mutational dynamics of the SARS coronavirus in cell culture and human populations isolated in 2003	BMC Infect. Dis. 4, 32 (2004)	?
UNKNOWN_CS480527	sarslike	CS480527	?	?	Na	genome	Unknown	SARS related coronavirus	?	?	enjuanes Sanches et al	https://www.ncbi.nlm.nih.gov/nuccore/CS480527	Attenuated sars and use as a vaccine	Patent: WO 2006136448-A2 1 28-DEC-2006; Consejo Superior de Investigaciones Cientificas (ES)	?
HSZ_Cc	sarslike	AY394995	2003-XX-XX	?	Na	genome	Human	SARS related coronavirus	?	?	?	https://www.ncbi.nlm.nih.gov/nuccore/AY394995	From independent foci of epidemic outbreak to large genomic alteration in late phase viruses: evolution of the SARS-coronavirus	Unpublished	?
TW6	sarslike	AY502929	2003-XX-XX	China	Taiwan	genome	Human	SARS related coronavirus	?	?	Yeh et al	https://www.ncbi.nlm.nih.gov/nuccore/AY502929	Characterization of severe acute respiratory syndrome coronavirus genomes in Taiwan: molecular epidemiology and genome evolution	Proc. Natl. Acad. Sci. U.S.A. 101 (8), 2542-2547 (2004)	?
SARS/VeroE6_lab/USA/WTic_c1.3P20/2010	sarslike	KF514422	2010-10-01	North America	USA	genome	Unknown	SARS related coronavirus	?	?	Town et al	https://www.ncbi.nlm.nih.gov/nuccore/KF514422	Direct Submission	Submitted (08-JUL-2013) J. Craig Venter Institute, 9704 Medical Center Drive, Rockville, MD 20850, USA	?
Rf4092	sarslike	KY417145	2012-09-18	China	China	genome	Bat	SARS related coronavirus	?	?	Hu et al	https://www.ncbi.nlm.nih.gov/nuccore/KY417145	Discovery of a rich gene pool of bat SARS-related coronaviruses provides new insights into the origin of SARS coronavirus	PLoS Pathog. 13 (11), e1006698 (2017)	?
ZMY_1	sarslike	AY351680	?	?	Na	genome	Unknown	SARS related coronavirus	?	?	Zeng et al	https://www.ncbi.nlm.nih.gov/nuccore/AY351680	Direct Submission	Submitted (28-JUL-2003) Central Laboratory, Guangzhou Children Hospital, 318 Renmin Road, Guangzhou, Guangdong 510120, P.R. China	?
UNKNOWN_CS460752	sarslike	CS460752	?	?	Na	genome	Unknown	SARS related coronavirus	?	?	Alvarez Gomez et al	https://www.ncbi.nlm.nih.gov/nuccore/CS460752	Attenuated SARS-CoV vaccines	Patent: EP 1736539-A1 1 27-DEC-2006; CONSEJO SUPERIOR DE INVESTIGACIONES CIENTIFICAS (ES)	?
HZS2_C	sarslike	AY394992	?	?	Na	genome	Unknown	SARS related coronavirus	?	?	?	https://www.ncbi.nlm.nih.gov/nuccore/AY394992	From independent foci of epidemic outbreak to large genomic alteration in late phase viruses: evolution of the SARS-coronavirus	Unpublished	?
UNKNOWN_AH012999	sarslike	AH012999	?	China	China	genome	Unknown	SARS related coronavirus	?	?	Yuan et al	https://www.ncbi.nlm.nih.gov/nuccore/AH012999	Direct Submission	Submitted (12-JUN-2003) Molecular Virology, Shanghai Medical College of Fudan University, 138 Yi Xue Yuan Road, Shanghai 200032, P.R. China	?
SARS/VeroE6_lab/USA/ExoN1_c5.2P20/2010	sarslike	KF514405	2010-10-01	North America	USA	genome	Unknown	SARS related coronavirus	?	?	Town et al	https://www.ncbi.nlm.nih.gov/nuccore/KF514405	Direct Submission	Submitted (08-JUL-2013) J. Craig Venter Institute, 9704 Medical Center Drive, Rockville, MD 20850, USA	?
HKU_36871	sarslike	AY304492	?	China	Hong Kong	genome	Unknown	SARS related coronavirus	?	?	Guan et al	https://www.ncbi.nlm.nih.gov/nuccore/AY304492	Isolation and characterization of viruses related to the SARS coronavirus from animals in southern China	Science 302 (5643), 276-278 (2003)	?
TW2	sarslike	AY502925	2003-XX-XX	China	Taiwan	genome	Human	SARS related coronavirus	?	?	Yeh et al	https://www.ncbi.nlm.nih.gov/nuccore/AY502925	Characterization of severe acute respiratory syndrome coronavirus genomes in Taiwan: molecular epidemiology and genome evolution	Proc. Natl. Acad. Sci. U.S.A. 101 (8), 2542-2547 (2004)	?
HGZ8L1_B	sarslike	AY394982	?	?	Na	genome	Unknown	SARS related coronavirus	?	?	?	https://www.ncbi.nlm.nih.gov/nuccore/AY394982	From independent foci of epidemic outbreak to large genomic alteration in late phase viruses: evolution of the SARS-coronavirus	Unpublished	?
UNKNOWN_CS460753	sarslike	CS460753	?	?	Na	genome	Unknown	SARS related coronavirus	?	?	Alvarez Gomez et al	https://www.ncbi.nlm.nih.gov/nuccore/CS460753	Attenuated SARS-CoV vaccines	Patent: EP 1736539-A1 2 27-DEC-2006; CONSEJO SUPERIOR DE INVESTIGACIONES CIENTIFICAS (ES)	?
HZS2_D	sarslike	AY394989	?	?	Na	genome	Unknown	SARS related coronavirus	?	?	?	https://www.ncbi.nlm.nih.gov/nuccore/AY394989	From independent foci of epidemic outbreak to large genomic alteration in late phase viruses: evolution of the SARS-coronavirus	Unpublished	?
ShanghaiQXC1	sarslike	AY463059	?	China	China	genome	Unknown	SARS related coronavirus	?	?	Yuan et al	https://www.ncbi.nlm.nih.gov/nuccore/AY463059	Analysis of SARS coronavirus genome in Shanghai isolates	Unpublished	?
HKU3_9	sarslike	GQ153544	?	?	Na	genome	Unknown	SARS related coronavirus	?	?	Lau et al	https://www.ncbi.nlm.nih.gov/nuccore/GQ153544	Ecoepidemiology and complete genome comparison of different strains of severe acute respiratory syndrome-related Rhinolophus bat coronavirus in China reveal bats as a reservoir for acute, self-limiting infection that allows recombination events	J. Virol. 84 (6), 2808-2819 (2010)	?
HKU_66078	sarslike	AY304494	?	China	Hong Kong	genome	Unknown	SARS related coronavirus	?	?	Guan et al	https://www.ncbi.nlm.nih.gov/nuccore/AY304494	Isolation and characterization of viruses related to the SARS coronavirus from animals in southern China	Science 302 (5643), 276-278 (2003)	?
PUMC02	sarslike	AY357075	?	?	Na	genome	Unknown	SARS related coronavirus	?	?	Zou et al	https://www.ncbi.nlm.nih.gov/nuccore/AY357075	Direct Submission	Submitted (31-JUL-2003) Biochemistry and Molecular Biology, Chinese Academy of Medical Sciences and Peking Union Medical College, 5# Dong Dan San Tiao, Beijing 100005, P.R. China	?
UNKNOWN_AH013708	sarslike	AH013708	?	Southeast Asia	Singapore	genome	Unknown	SARS related coronavirus	?	?	Lim et al	https://www.ncbi.nlm.nih.gov/nuccore/AH013708	Laboratory-acquired severe acute respiratory syndrome (SARS) - Singapore 2003	Unpublished	?
MA15	sarslike	FJ882945	2008-11-25	North America	USA	genome	Unknown	SARS related coronavirus	?	?	Roberts et al	https://www.ncbi.nlm.nih.gov/nuccore/FJ882945	A mouse-adapted SARS-coronavirus causes disease and mortality in BALB/c mice	PLoS Pathog. 3 (1), E5 (2007)	?
SARS/VeroE6_lab/USA/WTic_c2P10/2009	sarslike	KF514397	2009-05-19	North America	USA	genome	Unknown	SARS related coronavirus	?	?	Town et al	https://www.ncbi.nlm.nih.gov/nuccore/KF514397	Direct Submission	Submitted (08-JUL-2013) J. Craig Venter Institute, 9704 Medical Center Drive, Rockville, MD 20850, USA	?
RsSHC014	sarslike	KC881005	2011-04-17	China	China	genome	Bat	SARS related coronavirus	?	?	Ge et al	https://www.ncbi.nlm.nih.gov/nuccore/KC881005	Isolation and characterization of a bat SARS-like coronavirus that uses the ACE2 receptor	Nature 503, 535-538 (2013)	?
SARS/VeroE6_lab/USA/ExoN1_c8P1/2009	sarslike	KF514395	2009-03-18	North America	USA	genome	Unknown	SARS related coronavirus	?	?	Town et al	https://www.ncbi.nlm.nih.gov/nuccore/KF514395	Direct Submission	Submitted (08-JUL-2013) J. Craig Venter Institute, 9704 Medical Center Drive, Rockville, MD 20850, USA	?
UNKNOWN_CS079029	sarslike	CS079029	?	?	Na	genome	Unknown	SARS related coronavirus	?	?	Herold et al	https://www.ncbi.nlm.nih.gov/nuccore/CS079029	Sars-coronavirus virus-like particles and methods of use	Patent: WO 2005035556-A2 17 21-APR-2005; Iguazu Biosciences Corp. (US)	?
BJ182a	sarslike	EU371560	?	?	Na	genome	Unknown	SARS related coronavirus	?	?	Bao et al	https://www.ncbi.nlm.nih.gov/nuccore/EU371560	Direct Submission	Submitted (04-JAN-2008) Wenzhou Medical College, Institute of Biomedical Informatics, Wenzhou 325000, Zhejiang, China	?
UNKNOWN_DJ066921	sarslike	DJ066921	?	?	Na	genome	Unknown	SARS related coronavirus	?	?	Inoue et al	https://www.ncbi.nlm.nih.gov/nuccore/DJ066921	A sensitive and specific test to detect SARS coronavirus	Patent: JP 2007514440-A 1 07-JUN-2007; Agency for Science Technology and Research	?
ZS_C	sarslike	AY395003	2003-XX-XX	?	Na	genome	Human	SARS related coronavirus	?	?	?	https://www.ncbi.nlm.nih.gov/nuccore/AY395003	From independent foci of epidemic outbreak to large genomic alteration in late phase viruses: evolution of the SARS-coronavirus	Unpublished	?
Rs672	sarslike	FJ588686	2006-XX-XX	China	China	genome	Bat	SARS related coronavirus	?	?	Yuan et al	https://www.ncbi.nlm.nih.gov/nuccore/FJ588686	Intraspecies diversity of SARS-like coronaviruses in Rhinolophus sinicus and its implications for the origin of SARS coronaviruses in humans	J. Gen. Virol. 91 (PT 4), 1058-1062 (2010)	?
HC/GZ/81/03	sarslike	AY545917	2003-XX-XX	China	China	genome	Civet	SARS related coronavirus	?	?	Guan et al	https://www.ncbi.nlm.nih.gov/nuccore/AY545917	An Averted SARS Outbreak?	Unpublished	?
HZS2_Bb	sarslike	AY395004	?	?	Na	genome	Unknown	SARS related coronavirus	?	?	?	https://www.ncbi.nlm.nih.gov/nuccore/AY395004	From independent foci of epidemic outbreak to large genomic alteration in late phase viruses: evolution of the SARS-coronavirus	Unpublished	?
SinP2	sarslike	AY559089	?	Southeast Asia	Singapore	genome	Unknown	SARS related coronavirus	?	?	Vega et al	https://www.ncbi.nlm.nih.gov/nuccore/AY559089	Mutational dynamics of the SARS coronavirus in cell culture and human populations isolated in 2003	BMC Infect. Dis. 4, 32 (2004)	?
HGZ8L1_A	sarslike	AY394981	?	?	Na	genome	Unknown	SARS related coronavirus	?	?	?	https://www.ncbi.nlm.nih.gov/nuccore/AY394981	From independent foci of epidemic outbreak to large genomic alteration in late phase viruses: evolution of the SARS-coronavirus	Unpublished	?
Rs4231	sarslike	KY417146	2013-04-17	China	China	genome	Bat	SARS related coronavirus	?	?	Hu et al	https://www.ncbi.nlm.nih.gov/nuccore/KY417146	Discovery of a rich gene pool of bat SARS-related coronaviruses provides new insights into the origin of SARS coronavirus	PLoS Pathog. 13 (11), e1006698 (2017)	?
Rs7327	sarslike	KY417151	2014-10-24	China	China	genome	Bat	SARS related coronavirus	?	?	Hu et al	https://www.ncbi.nlm.nih.gov/nuccore/KY417151	Discovery of a rich gene pool of bat SARS-related coronaviruses provides new insights into the origin of SARS coronavirus	PLoS Pathog. 13 (11), e1006698 (2017)	?
HZS2_Fc	sarslike	AY394991	2003-XX-XX	?	Na	genome	Human	SARS related coronavirus	?	?	?	https://www.ncbi.nlm.nih.gov/nuccore/AY394991	From independent foci of epidemic outbreak to large genomic alteration in late phase viruses: evolution of the SARS-coronavirus	Unpublished	?
SARS/VeroE6_lab/USA/WTic_c1.7P20/2010	sarslike	KF514415	2010-10-01	North America	USA	genome	Unknown	SARS related coronavirus	?	?	Town et al	https://www.ncbi.nlm.nih.gov/nuccore/KF514415	Direct Submission	Submitted (08-JUL-2013) J. Craig Venter Institute, 9704 Medical Center Drive, Rockville, MD 20850, USA	?
HC/SZ/DM1/03	sarslike	AY545915	2003-XX-XX	China	China	genome	Civet	SARS related coronavirus	?	?	Guan et al	https://www.ncbi.nlm.nih.gov/nuccore/AY545915	An Averted SARS Outbreak?	Unpublished	?
SARS/VeroE6_lab/USA/ExoN1_c5P10/2009	sarslike	KF514420	2009-05-19	North America	USA	genome	Unknown	SARS related coronavirus	?	?	Town et al	https://www.ncbi.nlm.nih.gov/nuccore/KF514420	Direct Submission	Submitted (08-JUL-2013) J. Craig Venter Institute, 9704 Medical Center Drive, Rockville, MD 20850, USA	?
CDC#200301157	sarslike	AY714217	2003-XX-XX	North America	USA	genome	Human	SARS related coronavirus	?	?	Liu et al	https://www.ncbi.nlm.nih.gov/nuccore/AY714217	Direct Submission	Submitted (10-AUG-2004) Division of Viral and Rickettsial Diseases, Centers for Disease Control and Prevention, 1600 Clifton RD, NE, Atlanta, GA 30333, USA	?
civet020	sarslike	AY572038	2004-XX-XX	China	China	genome	Civet	SARS related coronavirus	?	?	Wang et al	https://www.ncbi.nlm.nih.gov/nuccore/AY572038	SARS-CoV infection in a restaurant from palm civet	Emerging Infect. Dis. 11 (12), 1860-1865 (2005)	?
BJ202	sarslike	AY864806	?	?	Na	genome	Unknown	SARS related coronavirus	?	?	Shang et al	https://www.ncbi.nlm.nih.gov/nuccore/AY864806	Polymorphism of SARS-CoV genomes	Yi Chuan Xue Bao 33 (4), 354-364 (2006)	?
TWY	sarslike	AP006561	?	China	Taiwan	genome	Human	SARS related coronavirus	?	?	Shu et al	https://www.ncbi.nlm.nih.gov/nuccore/AP006561	The complete genome of SARS coronavirus TWY	Published Only in Database (2003)	?
JMD	sarslike	AY394988	?	?	Na	genome	Unknown	SARS related coronavirus	?	?	?	https://www.ncbi.nlm.nih.gov/nuccore/AY394988	From independent foci of epidemic outbreak to large genomic alteration in late phase viruses: evolution of the SARS-coronavirus	Unpublished	?
Urbani	sarslike	AY278741	2017-05-27	North America	USA	genome	Unknown	SARS related coronavirus	?	?	Rota et al	https://www.ncbi.nlm.nih.gov/nuccore/AY278741	Characterization of a novel coronavirus associated with severe acute respiratory syndrome	Science 300 (5624), 1394-1399 (2003)	?
SARS/VeroE6_lab/USA/ExoN1_c5.3P20/2010	sarslike	KF514417	2010-10-01	North America	USA	genome	Unknown	SARS related coronavirus	?	?	Town et al	https://www.ncbi.nlm.nih.gov/nuccore/KF514417	Direct Submission	Submitted (08-JUL-2013) J. Craig Venter Institute, 9704 Medical Center Drive, Rockville, MD 20850, USA	?
YNLF_34C	sarslike	KP886809	2013-05-23	China	China	genome	Bat	SARS related coronavirus	?	?	Lau et al	https://www.ncbi.nlm.nih.gov/nuccore/KP886809	Direct Submission	Submitted (04-MAR-2015) Department of Microbiology, The University of Hong Kong, University Pathology Building, Queen Mary Hospital, Hong Kong, Hong Kong	?
TW7	sarslike	AY502930	2003-XX-XX	China	Taiwan	genome	Human	SARS related coronavirus	?	?	Yeh et al	https://www.ncbi.nlm.nih.gov/nuccore/AY502930	Characterization of severe acute respiratory syndrome coronavirus genomes in Taiwan: molecular epidemiology and genome evolution	Proc. Natl. Acad. Sci. U.S.A. 101 (8), 2542-2547 (2004)	?
SARS/VeroE6_lab/USA/WTic_c1.10P20/2010	sarslike	KF514398	2010-10-01	North America	USA	genome	Unknown	SARS related coronavirus	?	?	Town et al	https://www.ncbi.nlm.nih.gov/nuccore/KF514398	Direct Submission	Submitted (08-JUL-2013) J. Craig Venter Institute, 9704 Medical Center Drive, Rockville, MD 20850, USA	?
SARS/VeroE6_lab/USA/ExoN1_c5.8P20/2010	sarslike	KF514416	2010-10-01	North America	USA	genome	Unknown	SARS related coronavirus	?	?	Town et al	https://www.ncbi.nlm.nih.gov/nuccore/KF514416	Direct Submission	Submitted (08-JUL-2013) J. Craig Venter Institute, 9704 Medical Center Drive, Rockville, MD 20850, USA	?
Sino1_11	sarslike	AY485277	?	China	China	genome	Human	SARS related coronavirus	?	?	Zhang et al	https://www.ncbi.nlm.nih.gov/nuccore/AY485277	Preparation and characterization of SARS in-house reference antiserum	Vaccine 23 (48-49), 5666-5669 (2005)	?
Sequence_1_from_Patent_WO2004096842	sarslike	CQ918584	?	?	Na	genome	Unknown	SARS related coronavirus	?	?	Plummer et al	https://www.ncbi.nlm.nih.gov/nuccore/CQ918584	Sars virus nucleotide and amino acid sequences and uses thereof	Patent: WO 2004096842-A2 1 11-NOV-2004; BC Cancer Agency (CA)	?
GD69	sarslike	AY313906	2003-XX-XX	China	China	genome	Human	SARS related coronavirus	?	?	Song et al	https://www.ncbi.nlm.nih.gov/nuccore/AY313906	Cross-host evolution of severe acute respiratory syndrome coronavirus in palm civet and human	Proc. Natl. Acad. Sci. U.S.A. 102 (7), 2430-2435 (2005)	?
BtCoV/279/2005	sarslike	DQ648857	?	?	Na	genome	Unknown	SARS related coronavirus	?	?	Tang et al	https://www.ncbi.nlm.nih.gov/nuccore/DQ648857	Prevalence and genetic diversity of coronaviruses in bats from China	J. Virol. 80 (15), 7481-7490 (2006)	?
SARS/VeroE6_lab/USA/ExoN1_c5.5P20/2010	sarslike	KF514401	2010-10-01	North America	USA	genome	Unknown	SARS related coronavirus	?	?	Town et al	https://www.ncbi.nlm.nih.gov/nuccore/KF514401	Direct Submission	Submitted (08-JUL-2013) J. Craig Venter Institute, 9704 Medical Center Drive, Rockville, MD 20850, USA	?
LYRa11	sarslike	KF569996	2011-XX-XX	China	China	genome	Bat	SARS related coronavirus	?	?	He et al	https://www.ncbi.nlm.nih.gov/nuccore/KF569996	Identification of Diverse Alphacoronaviruses and Genomic Characterization of a Novel Severe Acute Respiratory Syndrome-Like Coronavirus from Bats in China	J. Virol. 88 (12), 7070-7082 (2014)	?
HSZ2_A	sarslike	AY394983	?	?	Na	genome	Unknown	SARS related coronavirus	?	?	?	https://www.ncbi.nlm.nih.gov/nuccore/AY394983	From independent foci of epidemic outbreak to large genomic alteration in late phase viruses: evolution of the SARS-coronavirus	Unpublished	?
HZS2_E	sarslike	AY394990	?	?	Na	genome	Unknown	SARS related coronavirus	?	?	?	https://www.ncbi.nlm.nih.gov/nuccore/AY394990	From independent foci of epidemic outbreak to large genomic alteration in late phase viruses: evolution of the SARS-coronavirus	Unpublished	?
Rf1	sarslike	DQ412042	?	?	Na	genome	Bat	SARS related coronavirus	?	?	Li et al	https://www.ncbi.nlm.nih.gov/nuccore/DQ412042	Bats are natural reservoirs of SARS-like coronaviruses	Science 310 (5748), 676-679 (2005)	?
MA15_ExoN1_mutant	sarslike	FJ882951	2008-11-26	North America	USA	genome	Unknown	SARS related coronavirus	?	?	Roberts et al	https://www.ncbi.nlm.nih.gov/nuccore/FJ882951	A mouse-adapted SARS-coronavirus causes disease and mortality in BALB/c mice	PLoS Pathog. 3 (1), E5 (2007)	?
UNKNOWN_CS362781	sarslike	CS362781	?	?	Na	genome	Unknown	SARS related coronavirus	?	?	enjuanes Sanches et al	https://www.ncbi.nlm.nih.gov/nuccore/CS362781	Vaccine against severe accute respiratory syndrome causing coronavirus (sars-cov)	Patent: WO 2006024543-A1 1 09-MAR-2006; CONSEJO SUPERIOR DE INVESTIGACIONES CIENTIFICAS (ES)	?
BJ03	sarslike	AY278490	?	China	China	genome	Unknown	SARS related coronavirus	?	?	Wu et al	https://www.ncbi.nlm.nih.gov/nuccore/AY278490	The E protein is a multifunctional membrane protein of SARS-CoV	Genomics Proteomics Bioinformatics 1 (2), 131-144 (2003)	?
UNKNOWN_HW269828	sarslike	HW269828	?	?	Na	genome	Unknown	SARS related coronavirus	?	?	Houghton et al	https://www.ncbi.nlm.nih.gov/nuccore/HW269828	MODIFIED SMALL INTERFERING RNA MOLECULES AND METHODS OF USE	Patent: JP 2012105686-A 1 07-JUN-2012; NOVARTIS VACCINES AND DIAGNOSTICS INC	?
HSZ_Bc	sarslike	AY394994	?	?	Na	genome	Unknown	SARS related coronavirus	?	?	?	https://www.ncbi.nlm.nih.gov/nuccore/AY394994	From independent foci of epidemic outbreak to large genomic alteration in late phase viruses: evolution of the SARS-coronavirus	Unpublished	?
Rs4084	sarslike	KY417144	2012-09-18	China	China	genome	Bat	SARS related coronavirus	?	?	Hu et al	https://www.ncbi.nlm.nih.gov/nuccore/KY417144	Discovery of a rich gene pool of bat SARS-related coronaviruses provides new insights into the origin of SARS coronavirus	PLoS Pathog. 13 (11), e1006698 (2017)	?
Sin3408	sarslike	AY559083	?	Southeast Asia	Singapore	genome	Unknown	SARS related coronavirus	?	?	Vega et al	https://www.ncbi.nlm.nih.gov/nuccore/AY559083	Mutational dynamics of the SARS coronavirus in cell culture and human populations isolated in 2003	BMC Infect. Dis. 4, 32 (2004)	?
HKU3_2	sarslike	DQ084199	?	?	Na	genome	Unknown	SARS related coronavirus	?	?	Lau et al	https://www.ncbi.nlm.nih.gov/nuccore/DQ084199	Severe acute respiratory syndrome coronavirus-like virus in Chinese horseshoe bats	Proc. Natl. Acad. Sci. U.S.A. 102 (39), 14040-14045 (2005)	?
SARS/VeroE6_lab/USA/WTic_c1.9P20/2010	sarslike	KF514404	2010-10-01	North America	USA	genome	Unknown	SARS related coronavirus	?	?	Town et al	https://www.ncbi.nlm.nih.gov/nuccore/KF514404	Direct Submission	Submitted (08-JUL-2013) J. Craig Venter Institute, 9704 Medical Center Drive, Rockville, MD 20850, USA	?
HKU3_13	sarslike	GQ153548	?	?	Na	genome	Unknown	SARS related coronavirus	?	?	Lau et al	https://www.ncbi.nlm.nih.gov/nuccore/GQ153548	Ecoepidemiology and complete genome comparison of different strains of severe acute respiratory syndrome-related Rhinolophus bat coronavirus in China reveal bats as a reservoir for acute, self-limiting infection that allows recombination events	J. Virol. 84 (6), 2808-2819 (2010)	?
HGZ8L2	sarslike	AY394993	2003-XX-XX	?	Na	genome	Human	SARS related coronavirus	?	?	?	https://www.ncbi.nlm.nih.gov/nuccore/AY394993	From independent foci of epidemic outbreak to large genomic alteration in late phase viruses: evolution of the SARS-coronavirus	Unpublished	?
TWC3	sarslike	AY362699	?	?	Na	genome	Unknown	SARS related coronavirus	?	?	Yang et al	https://www.ncbi.nlm.nih.gov/nuccore/AY362699	Completed and direct sequence of throat swab sample taken from the first index case in Hoping hospital outbreak	Unpublished	?
SZ16	sarslike	AY304488	2003-XX-XX	China	Hong Kong	genome	Civet	SARS related coronavirus	?	?	Guan et al	https://www.ncbi.nlm.nih.gov/nuccore/AY304488	Isolation and characterization of viruses related to the SARS coronavirus from animals in southern China	Science 302 (5643), 276-278 (2003)	?
SIN2679	sarslike	AY283796	?	Southeast Asia	Singapore	genome	Unknown	SARS related coronavirus	?	?	Ruan et al	https://www.ncbi.nlm.nih.gov/nuccore/AY283796	Comparative full-length genome sequence analysis of 14 SARS coronavirus isolates and common mutations associated with putative origins of infection	Lancet 361 (9371), 1779-1785 (2003)	?
BetaCoV/Wuhan/IVDC-HB-01/2019	sarslike	EPI_ISL_402119	2019-12-30	China	China	genome	Human	novel coronavirus	National Institute for Viral Disease Control and Prevention, China CDC	National Institute for Viral Disease Control and Prevention, China CDC	Wenjie Tan, Xiang Zhao, Wenling Wang, Xuejun Ma, Yongzhong Jiang, Roujian Lu, Ji Wang, Weimin Zhou, Peihua Niu, Peipei Liu, Faxian Zhan, Weifeng Shi, Baoying Huang, Jun Liu, Li Zhao, Yao Meng, Xiaozhou He, Fei Ye, Na Zhu, Yang Li, Jing Chen, Wenbo Xu, George F. Gao, Guizhen Wu	https://www.gisaid.org/	Newly discovered betacoronavirus, Wuhan 2019-2020	?	?
UNKNOWN_HW375992	sarslike	HW375992	?	?	Na	genome	Unknown	SARS related coronavirus	?	?	Han et al	https://www.ncbi.nlm.nih.gov/nuccore/HW375992	MODIFIED SMALL INTERFERING RNA MOLECULES AND METHODS OF USE	Patent: JP 2012255024-A 1 27-DEC-2012; NOVARTIS VACCINES AND DIAGNOSTICS INC	?
SARS/VeroE6_lab/USA/WTic_c1.6P20/2010	sarslike	KF514413	2010-10-01	North America	USA	genome	Unknown	SARS related coronavirus	?	?	Town et al	https://www.ncbi.nlm.nih.gov/nuccore/KF514413	Direct Submission	Submitted (08-JUL-2013) J. Craig Venter Institute, 9704 Medical Center Drive, Rockville, MD 20850, USA	?
civet007	sarslike	AY572034	2004-XX-XX	China	China	genome	Civet	SARS related coronavirus	?	?	Wang et al	https://www.ncbi.nlm.nih.gov/nuccore/AY572034	SARS-CoV infection in a restaurant from palm civet	Emerging Infect. Dis. 11 (12), 1860-1865 (2005)	?
Sequence_14_from_Patent_WO2005035556	sarslike	CS079026	?	?	Na	genome	Unknown	SARS related coronavirus	?	?	Herold et al	https://www.ncbi.nlm.nih.gov/nuccore/CS079026	Sars-coronavirus virus-like particles and methods of use	Patent: WO 2005035556-A2 14 21-APR-2005; Iguazu Biosciences Corp. (US)	?
HKU3_3	sarslike	DQ084200	?	?	Na	genome	Unknown	SARS related coronavirus	?	?	Lau et al	https://www.ncbi.nlm.nih.gov/nuccore/DQ084200	Severe acute respiratory syndrome coronavirus-like virus in Chinese horseshoe bats	Proc. Natl. Acad. Sci. U.S.A. 102 (39), 14040-14045 (2005)	?
Modified_Microbial_Nucleic_Acid	sarslike	FV537211	?	?	Na	genome	Unknown	SARS related coronavirus	?	?	Millar et al	https://www.ncbi.nlm.nih.gov/nuccore/FV537211	Modified Microbial Nucleic Acid	Patent: JP 2009538603-A 1190 12-NOV-2009; Human Genetic Signatures Pty Ltd	?
SARS/VeroE6_lab/USA/WTic_c1.1P20/2010	sarslike	KF514399	2010-10-01	North America	USA	genome	Unknown	SARS related coronavirus	?	?	Town et al	https://www.ncbi.nlm.nih.gov/nuccore/KF514399	Direct Submission	Submitted (08-JUL-2013) J. Craig Venter Institute, 9704 Medical Center Drive, Rockville, MD 20850, USA	?
HKU_39849	sarslike	AY278491	2003-XX-XX	China	Hong Kong	genome	Human	SARS related coronavirus	?	?	Zeng et al	https://www.ncbi.nlm.nih.gov/nuccore/AY278491	The complete genome sequence of severe acute respiratory syndrome coronavirus strain HKU-39849 (HK-39)	Exp. Biol. Med. (Maywood) 228 (7), 866-873 (2003)	?
CUHK_AG02	sarslike	AY345987	2003-XX-XX	China	Hong Kong	genome	Human	SARS related coronavirus	?	?	Chim et al	https://www.ncbi.nlm.nih.gov/nuccore/AY345987	Genomic characterisation of the severe acute respiratory syndrome coronavirus of Amoy Gardens outbreak in Hong Kong	Lancet 362 (9398), 1807-1808 (2003)	?
HKU3_11	sarslike	GQ153546	?	?	Na	genome	Unknown	SARS related coronavirus	?	?	Lau et al	https://www.ncbi.nlm.nih.gov/nuccore/GQ153546	Ecoepidemiology and complete genome comparison of different strains of severe acute respiratory syndrome-related Rhinolophus bat coronavirus in China reveal bats as a reservoir for acute, self-limiting infection that allows recombination events	J. Virol. 84 (6), 2808-2819 (2010)	?
Rs4081	sarslike	KY417143	2012-09-18	China	China	genome	Bat	SARS related coronavirus	?	?	Hu et al	https://www.ncbi.nlm.nih.gov/nuccore/KY417143	Discovery of a rich gene pool of bat SARS-related coronaviruses provides new insights into the origin of SARS coronavirus	PLoS Pathog. 13 (11), e1006698 (2017)	?
Tor2/FP1_10912	sarslike	JX163926	2010-02-10	North America	USA	genome	Unknown	SARS related coronavirus	?	?	Town et al	https://www.ncbi.nlm.nih.gov/nuccore/JX163926	Direct Submission	Submitted (25-MAY-2012) J. Craig Venter Institute, 9704 Medical Center Drive, Rockville, MD 20850, USA	?
HC/SZ/61/03	sarslike	AY515512	?	China	China	genome	Civet	SARS related coronavirus	?	?	Yi et al	https://www.ncbi.nlm.nih.gov/nuccore/AY515512	An Averted SARS Outbreak?	Unpublished	?
SARS/VeroE6_lab/USA/ExoN1_c5.10P20/2010	sarslike	KF514393	2010-10-01	North America	USA	genome	Unknown	SARS related coronavirus	?	?	Town et al	https://www.ncbi.nlm.nih.gov/nuccore/KF514393	Direct Submission	Submitted (08-JUL-2013) J. Craig Venter Institute, 9704 Medical Center Drive, Rockville, MD 20850, USA	?
BtKY72	sarslike	KY352407	2007-08-XX	Africa	Kenya	genome	Bat	SARS related coronavirus	?	?	Tao et al	https://www.ncbi.nlm.nih.gov/nuccore/KY352407	Complete genome sequence of a SARS-related coronavirus in Kenyan bats	Unpublished	?
Frankfurt_1	sarslike	AB257344	2003-XX-XX	?	Na	genome	Unknown	SARS related coronavirus	?	?	Yamate et al	https://www.ncbi.nlm.nih.gov/nuccore/AB257344	Establishment of Vero E6 cell clones persistently infected with severe acute respiratory syndrome coronavirus	Microbes Infect. 7 (15), 1530-1540 (2005)	?
UNKNOWN_DJ059765	sarslike	DJ059765	?	?	Na	genome	Unknown	SARS related coronavirus	?	?	Betton et al	https://www.ncbi.nlm.nih.gov/nuccore/DJ059765	NOVEL STRAIN OF SARS-ASSOCIATED CORONAVIRUS AND APPLICATIONS	Patent: JP 2007512826-A 1 24-MAY-2007; INSTITUT PASTEUR,CENTRE NATIONAL DE LA RECHERCHE SCIENTIFIQUE, UNIVERSITE PARIS 7,Sylvie VAN DER WERF,Nicolas ESCRIOU, Bernadette CRESCENZO-CHAIGNE,Jean-Claude MANUGUERRA,Franck KUNST, Benoit CALLENDRET,Jean-Michel BETTON,Valerie LORIN,Sylvie GERBAUD, Ana Maria BURGUIERE,Saliha AZEBI,Pierre CHARNEAU,Frederic TANGY, Chantal COMBREDET,Jean-Francois DELAGNEAU,Monique MARTIN	?
HC/GZ/32/03	sarslike	AY545918	2003-XX-XX	China	China	genome	Civet	SARS related coronavirus	?	?	Guan et al	https://www.ncbi.nlm.nih.gov/nuccore/AY545918	An Averted SARS Outbreak?	Unpublished	?
SinP4	sarslike	AY559091	?	Southeast Asia	Singapore	genome	Unknown	SARS related coronavirus	?	?	Vega et al	https://www.ncbi.nlm.nih.gov/nuccore/AY559091	Mutational dynamics of the SARS coronavirus in cell culture and human populations isolated in 2003	BMC Infect. Dis. 4, 32 (2004)	?
SARS/VeroE6_lab/USA/ExoN1_c5P20/2009	sarslike	KF514414	2009-07-08	North America	USA	genome	Unknown	SARS related coronavirus	?	?	Town et al	https://www.ncbi.nlm.nih.gov/nuccore/KF514414	Direct Submission	Submitted (08-JUL-2013) J. Craig Venter Institute, 9704 Medical Center Drive, Rockville, MD 20850, USA	?
LC2	sarslike	AY394999	?	?	Na	genome	Unknown	SARS related coronavirus	?	?	?	https://www.ncbi.nlm.nih.gov/nuccore/AY394999	From independent foci of epidemic outbreak to large genomic alteration in late phase viruses: evolution of the SARS-coronavirus	Unpublished	?
GZ0402	sarslike	AY613947	2004-XX-XX	China	China	genome	Human	SARS related coronavirus	?	?	Song et al	https://www.ncbi.nlm.nih.gov/nuccore/AY613947	Cross-host evolution of severe acute respiratory syndrome coronavirus in palm civet and human	Proc. Natl. Acad. Sci. U.S.A. 102 (7), 2430-2435 (2005)	?
Tor2/FP1_10895	sarslike	JX163928	2010-02-05	North America	USA	genome	Unknown	SARS related coronavirus	?	?	Town et al	https://www.ncbi.nlm.nih.gov/nuccore/JX163928	Direct Submission	Submitted (25-MAY-2012) J. Craig Venter Institute, 9704 Medical Center Drive, Rockville, MD 20850, USA	?
BetaCoV/Wuhan/IPBCAMS-WH-01/2019	sarslike	EPI_ISL_402123	2019-12-24	China	China	genome	Human	novel coronavirus	Institute of Pathogen Biology, Chinese Academy of Medical Sciences & Peking Union Medical College	Institute of Pathogen Biology, Chinese Academy of Medical Sciences & Peking Union Medical College	Lili Ren, Jianwei Wang, Qi Jin, Zichun Xiang, Yongjun Li, Zhiqiang Wu, Chao Wu, Yiwei Liu	https://www.gisaid.org/	Newly discovered betacoronavirus, Wuhan 2019-2020	?	?
Tor2/FP1_10851	sarslike	JX163927	2010-02-05	North America	USA	genome	Unknown	SARS related coronavirus	?	?	Town et al	https://www.ncbi.nlm.nih.gov/nuccore/JX163927	Direct Submission	Submitted (25-MAY-2012) J. Craig Venter Institute, 9704 Medical Center Drive, Rockville, MD 20850, USA	?
CFB/SZ/94/03	sarslike	AY545919	2003-XX-XX	China	China	genome	Badger	SARS related coronavirus	?	?	Guan et al	https://www.ncbi.nlm.nih.gov/nuccore/AY545919	An Averted SARS Outbreak?	Unpublished	?
civet010	sarslike	AY572035	2004-XX-XX	China	China	genome	Civet	SARS related coronavirus	?	?	Wang et al	https://www.ncbi.nlm.nih.gov/nuccore/AY572035	SARS-CoV infection in a restaurant from palm civet	Emerging Infect. Dis. 11 (12), 1860-1865 (2005)	?
HSZ_Cb	sarslike	AY394986	?	?	Na	genome	Unknown	SARS related coronavirus	?	?	?	https://www.ncbi.nlm.nih.gov/nuccore/AY394986	From independent foci of epidemic outbreak to large genomic alteration in late phase viruses: evolution of the SARS-coronavirus	Unpublished	?
Sin850	sarslike	AY559096	2003-XX-XX	Southeast Asia	Singapore	genome	Human	SARS related coronavirus	?	?	Vega et al	https://www.ncbi.nlm.nih.gov/nuccore/AY559096	Mutational dynamics of the SARS coronavirus in cell culture and human populations isolated in 2003	BMC Infect. Dis. 4, 32 (2004)	?
SARS/VeroE6_lab/USA/ExoN1_c13P1/2009	sarslike	KF514406	2009-03-18	North America	USA	genome	Unknown	SARS related coronavirus	?	?	Town et al	https://www.ncbi.nlm.nih.gov/nuccore/KF514406	Direct Submission	Submitted (08-JUL-2013) J. Craig Venter Institute, 9704 Medical Center Drive, Rockville, MD 20850, USA	?
Sequence_15_from_Patent_WO2004096842	sarslike	CQ918598	?	?	Na	genome	Unknown	SARS related coronavirus	?	?	Plummer et al	https://www.ncbi.nlm.nih.gov/nuccore/CQ918598	Sars virus nucleotide and amino acid sequences and uses thereof	Patent: WO 2004096842-A2 15 11-NOV-2004; BC Cancer Agency (CA)	?
wtic_MB	sarslike	FJ882933	2007-09-26	North America	USA	genome	Unknown	SARS related coronavirus	?	?	Yount et al	https://www.ncbi.nlm.nih.gov/nuccore/FJ882933	Reverse genetics with a full-length infectious cDNA of severe acute respiratory syndrome coronavirus	Proc. Natl. Acad. Sci. U.S.A. 100 (22), 12995-13000 (2003)	?
BJ182_12	sarslike	EU371564	?	?	Na	genome	Unknown	SARS related coronavirus	?	?	Bao et al	https://www.ncbi.nlm.nih.gov/nuccore/EU371564	Direct Submission	Submitted (04-JAN-2008) Wenzhou Medical College, Institute of Biomedical Informatics, Wenzhou 325000, Zhejiang, China	?
Rs9401	sarslike	KY417152	2015-10-16	China	China	genome	Bat	SARS related coronavirus	?	?	Hu et al	https://www.ncbi.nlm.nih.gov/nuccore/KY417152	Discovery of a rich gene pool of bat SARS-related coronaviruses provides new insights into the origin of SARS coronavirus	PLoS Pathog. 13 (11), e1006698 (2017)	?
GZ50	sarslike	AY304495	2003-XX-XX	China	Hong Kong	genome	Human	SARS related coronavirus	?	?	Guan et al	https://www.ncbi.nlm.nih.gov/nuccore/AY304495	Isolation and characterization of viruses related to the SARS coronavirus from animals in southern China	Science 302 (5643), 276-278 (2003)	?
GZ43	sarslike	AY304490	?	China	Hong Kong	genome	Unknown	SARS related coronavirus	?	?	Guan et al	https://www.ncbi.nlm.nih.gov/nuccore/AY304490	Isolation and characterization of viruses related to the SARS coronavirus from animals in southern China	Science 302 (5643), 276-278 (2003)	?
TWJ	sarslike	AP006558	?	China	Taiwan	genome	Human	SARS related coronavirus	?	?	Shu et al	https://www.ncbi.nlm.nih.gov/nuccore/AP006558	The complete genome of SARS coronavirus TWJ	Published Only in Database (2003)	?
LC1	sarslike	AY394998	?	?	Na	genome	Unknown	SARS related coronavirus	?	?	?	https://www.ncbi.nlm.nih.gov/nuccore/AY394998	From independent foci of epidemic outbreak to large genomic alteration in late phase viruses: evolution of the SARS-coronavirus	Unpublished	?
GZ_D	sarslike	AY394980	?	?	Na	genome	Unknown	SARS related coronavirus	?	?	?	https://www.ncbi.nlm.nih.gov/nuccore/AY394980	From independent foci of epidemic outbreak to large genomic alteration in late phase viruses: evolution of the SARS-coronavirus	Unpublished	?
SARS/VeroE6_lab/USA/WTic_c1.5P20/2010	sarslike	KF514388	2010-10-01	North America	USA	genome	Unknown	SARS related coronavirus	?	?	Town et al	https://www.ncbi.nlm.nih.gov/nuccore/KF514388	Direct Submission	Submitted (08-JUL-2013) J. Craig Venter Institute, 9704 Medical Center Drive, Rockville, MD 20850, USA	?
SARS/VeroE6_lab/USA/ExoN1_c8P10/2009	sarslike	KF514389	2009-05-19	North America	USA	genome	Unknown	SARS related coronavirus	?	?	Town et al	https://www.ncbi.nlm.nih.gov/nuccore/KF514389	Direct Submission	Submitted (08-JUL-2013) J. Craig Venter Institute, 9704 Medical Center Drive, Rockville, MD 20850, USA	?
SARS/VeroE6_lab/USA/ExoN1_c5.4P20/2010	sarslike	KF514390	2010-10-01	North America	USA	genome	Unknown	SARS related coronavirus	?	?	Town et al	https://www.ncbi.nlm.nih.gov/nuccore/KF514390	Direct Submission	Submitted (08-JUL-2013) J. Craig Venter Institute, 9704 Medical Center Drive, Rockville, MD 20850, USA	?
WIV1	sarslike	KF367457	2012-09-XX	China	China	genome	Bat	SARS related coronavirus	?	?	Ge et al	https://www.ncbi.nlm.nih.gov/nuccore/KF367457	Isolation and characterization of a bat SARS-like coronavirus that uses the ACE2 receptor	Nature (2013) In press	?
TWS	sarslike	AP006560	?	China	Taiwan	genome	Human	SARS related coronavirus	?	?	Shu et al	https://www.ncbi.nlm.nih.gov/nuccore/AP006560	The complete genome of SARS coronavirus TWS	Published Only in Database (2003)	?
SARS/VeroE6_lab/USA/WTic_c1.2P20/2010	sarslike	KF514421	2010-10-01	North America	USA	genome	Unknown	SARS related coronavirus	?	?	Town et al	https://www.ncbi.nlm.nih.gov/nuccore/KF514421	Direct Submission	Submitted (08-JUL-2013) J. Craig Venter Institute, 9704 Medical Center Drive, Rockville, MD 20850, USA	?
Rm1	sarslike	DQ412043	?	?	Na	genome	Bat	SARS related coronavirus	?	?	Li et al	https://www.ncbi.nlm.nih.gov/nuccore/DQ412043	Bats are natural reservoirs of SARS-like coronaviruses	Science 310 (5748), 676-679 (2005)	?
Sin3725V	sarslike	AY559087	?	Southeast Asia	Singapore	genome	Unknown	SARS related coronavirus	?	?	Vega et al	https://www.ncbi.nlm.nih.gov/nuccore/AY559087	Mutational dynamics of the SARS coronavirus in cell culture and human populations isolated in 2003	BMC Infect. Dis. 4, 32 (2004)	?
bat_SL_CoVZXC21	sarslike	MG772934	2015-07-XX	China	China	genome	Bat	SARS related coronavirus	?	?	Hu et al	https://www.ncbi.nlm.nih.gov/nuccore/MG772934	Genomic Characterization and Infectivity of A Novel SARS-like coronavirus in Chinese Bats	Unpublished	?
SARS/VeroE6_lab/USA/WTic_c1.8P20/2010	sarslike	KF514400	2010-10-01	North America	USA	genome	Unknown	SARS related coronavirus	?	?	Town et al	https://www.ncbi.nlm.nih.gov/nuccore/KF514400	Direct Submission	Submitted (08-JUL-2013) J. Craig Venter Institute, 9704 Medical Center Drive, Rockville, MD 20850, USA	?
SARS/VeroE6_lab/USA/WTic_c1P10/2009	sarslike	KF514419	2009-05-19	North America	USA	genome	Unknown	SARS related coronavirus	?	?	Town et al	https://www.ncbi.nlm.nih.gov/nuccore/KF514419	Direct Submission	Submitted (08-JUL-2013) J. Craig Venter Institute, 9704 Medical Center Drive, Rockville, MD 20850, USA	?
ZJ02	sarslike	EU371559	2003-XX-XX	China	China	genome	Unknown	SARS related coronavirus	?	?	Lu et al	https://www.ncbi.nlm.nih.gov/nuccore/EU371559	Direct Submission	Submitted (04-JAN-2008) Zhejiang Provincial Center for Disease Prevention and Control, 17 Laozhedazhi Road, Hangzhou 310009, Zhejiang, China	?
GZ_B	sarslike	AY394978	?	?	Na	genome	Unknown	SARS related coronavirus	?	?	?	https://www.ncbi.nlm.nih.gov/nuccore/AY394978	From independent foci of epidemic outbreak to large genomic alteration in late phase viruses: evolution of the SARS-coronavirus	Unpublished	?
UNKNOWN_CS274822	sarslike	CS274822	?	?	Na	genome	Unknown	SARS related coronavirus	?	?	Enjuanes Sanches et al	https://www.ncbi.nlm.nih.gov/nuccore/CS274822	Vaccine against severe accute respiratory syndrome causing coronavirus (SARS-CoV)	Patent: EP 1632564-A1 2 08-MAR-2006; CONSEJO SUPERIOR DE INVESTIGACIONES CIENTIFICAS (ES)	?
HKU3_12	sarslike	GQ153547	?	?	Na	genome	Unknown	SARS related coronavirus	?	?	Lau et al	https://www.ncbi.nlm.nih.gov/nuccore/GQ153547	Ecoepidemiology and complete genome comparison of different strains of severe acute respiratory syndrome-related Rhinolophus bat coronavirus in China reveal bats as a reservoir for acute, self-limiting infection that allows recombination events	J. Virol. 84 (6), 2808-2819 (2010)	?
SARS/VeroE6_lab/USA/ExoN1_c5.1P20/2010	sarslike	KF514403	2010-10-01	North America	USA	genome	Unknown	SARS related coronavirus	?	?	Town et al	https://www.ncbi.nlm.nih.gov/nuccore/KF514403	Direct Submission	Submitted (08-JUL-2013) J. Craig Venter Institute, 9704 Medical Center Drive, Rockville, MD 20850, USA	?
SARS/VeroE6_lab/USA/WTic_c3P20/2009	sarslike	KF514423	2009-07-08	North America	USA	genome	Unknown	SARS related coronavirus	?	?	Town et al	https://www.ncbi.nlm.nih.gov/nuccore/KF514423	Direct Submission	Submitted (08-JUL-2013) J. Craig Venter Institute, 9704 Medical Center Drive, Rockville, MD 20850, USA	?
TWC2	sarslike	AY362698	?	?	Na	genome	Unknown	SARS related coronavirus	?	?	Yang et al	https://www.ncbi.nlm.nih.gov/nuccore/AY362698	Whole genomic sequence of a SARS virus isolated from a SARS patient in Hoping Hospital in Taiwan	Unpublished	?
Sequence_41_from_Patent_EP2139515	sarslike	HI553383	?	?	Na	genome	Unknown	SARS related coronavirus	?	?	Wimmer et al	https://www.ncbi.nlm.nih.gov/nuccore/HI553383	Attenuated viruses useful for vaccines	Patent: EP 2139515-A2 41 06-JAN-2010; RES FOUNDATION OF THE STATE UN [US]	?
HC/SZ/79/03	sarslike	AY545914	2003-XX-XX	China	China	genome	Civet	SARS related coronavirus	?	?	Guan et al	https://www.ncbi.nlm.nih.gov/nuccore/AY545914	An Averted SARS Outbreak?	Unpublished	?
UNKNOWN_CS079028	sarslike	CS079028	?	?	Na	genome	Unknown	SARS related coronavirus	?	?	Herold et al	https://www.ncbi.nlm.nih.gov/nuccore/CS079028	Sars-coronavirus virus-like particles and methods of use	Patent: WO 2005035556-A2 16 21-APR-2005; Iguazu Biosciences Corp. (US)	?
Sin846	sarslike	AY559094	2003-XX-XX	Southeast Asia	Singapore	genome	Human	SARS related coronavirus	?	?	Vega et al	https://www.ncbi.nlm.nih.gov/nuccore/AY559094	Mutational dynamics of the SARS coronavirus in cell culture and human populations isolated in 2003	BMC Infect. Dis. 4, 32 (2004)	?
SinP1	sarslike	AY559088	?	Southeast Asia	Singapore	genome	Unknown	SARS related coronavirus	?	?	Vega et al	https://www.ncbi.nlm.nih.gov/nuccore/AY559088	Mutational dynamics of the SARS coronavirus in cell culture and human populations isolated in 2003	BMC Infect. Dis. 4, 32 (2004)	?
TW9	sarslike	AY502932	2003-XX-XX	China	Taiwan	genome	Human	SARS related coronavirus	?	?	Yeh et al	https://www.ncbi.nlm.nih.gov/nuccore/AY502932	Characterization of severe acute respiratory syndrome coronavirus genomes in Taiwan: molecular epidemiology and genome evolution	Proc. Natl. Acad. Sci. U.S.A. 101 (8), 2542-2547 (2004)	?
BJ04	sarslike	AY279354	2003-XX-XX	China	China	genome	Human	SARS related coronavirus	?	?	Wu et al	https://www.ncbi.nlm.nih.gov/nuccore/AY279354	The E protein is a multifunctional membrane protein of SARS-CoV	Genomics Proteomics Bioinformatics 1 (2), 131-144 (2003)	?
Tor2	sarslike	AY274119	?	North America	Canada	genome	Unknown	SARS related coronavirus	?	?	He et al	https://www.ncbi.nlm.nih.gov/nuccore/AY274119	Analysis of multimerization of the SARS coronavirus nucleocapsid protein	Biochem. Biophys. Res. Commun. 316 (2), 476-483 (2004)	?
TW4	sarslike	AY502927	2003-XX-XX	China	Taiwan	genome	Human	SARS related coronavirus	?	?	Yeh et al	https://www.ncbi.nlm.nih.gov/nuccore/AY502927	Characterization of severe acute respiratory syndrome coronavirus genomes in Taiwan: molecular epidemiology and genome evolution	Proc. Natl. Acad. Sci. U.S.A. 101 (8), 2542-2547 (2004)	?
SinP5	sarslike	AY559092	?	Southeast Asia	Singapore	genome	Unknown	SARS related coronavirus	?	?	Vega et al	https://www.ncbi.nlm.nih.gov/nuccore/AY559092	Mutational dynamics of the SARS coronavirus in cell culture and human populations isolated in 2003	BMC Infect. Dis. 4, 32 (2004)	?
HKU3_6	sarslike	GQ153541	?	?	Na	genome	Unknown	SARS related coronavirus	?	?	Lau et al	https://www.ncbi.nlm.nih.gov/nuccore/GQ153541	Ecoepidemiology and complete genome comparison of different strains of severe acute respiratory syndrome-related Rhinolophus bat coronavirus in China reveal bats as a reservoir for acute, self-limiting infection that allows recombination events	J. Virol. 84 (6), 2808-2819 (2010)	?
ZJ0301	sarslike	DQ182595	2003-04-21	China	China	genome	Human	SARS related coronavirus	?	?	Li et al	https://www.ncbi.nlm.nih.gov/nuccore/DQ182595	Severe acute respiratory syndrome-associated coronavirus genotype and its characterization	Chin. Med. J. 116 (9), 1288-1292 (2003)	?
A001	sarslike	FJ959407	?	China	China	genome	Civet	SARS related coronavirus	?	?	Wang et al	https://www.ncbi.nlm.nih.gov/nuccore/FJ959407	The isolation and genome analysis of a SARS coronavirus from palm civet	Unpublished	?
GZ_A	sarslike	AY394977	?	?	Na	genome	Unknown	SARS related coronavirus	?	?	?	https://www.ncbi.nlm.nih.gov/nuccore/AY394977	From independent foci of epidemic outbreak to large genomic alteration in late phase viruses: evolution of the SARS-coronavirus	Unpublished	?
NS_1	sarslike	AY508724	?	?	Na	genome	Unknown	SARS related coronavirus	?	?	Zheng et al	https://www.ncbi.nlm.nih.gov/nuccore/AY508724	SARS coronavirus NS-1 complete genome sequence	Unpublished	?
SIN2677	sarslike	AY283795	?	Southeast Asia	Singapore	genome	Unknown	SARS related coronavirus	?	?	Ruan et al	https://www.ncbi.nlm.nih.gov/nuccore/AY283795	Comparative full-length genome sequence analysis of 14 SARS coronavirus isolates and common mutations associated with putative origins of infection	Lancet 361 (9371), 1779-1785 (2003)	?
LC3	sarslike	AY395000	?	?	Na	genome	Unknown	SARS related coronavirus	?	?	?	https://www.ncbi.nlm.nih.gov/nuccore/AY395000	From independent foci of epidemic outbreak to large genomic alteration in late phase viruses: evolution of the SARS-coronavirus	Unpublished	?
SARS/VeroE6_lab/USA/ExoN1_c5.9P20/2010	sarslike	KF514391	2010-10-01	North America	USA	genome	Unknown	SARS related coronavirus	?	?	Town et al	https://www.ncbi.nlm.nih.gov/nuccore/KF514391	Direct Submission	Submitted (08-JUL-2013) J. Craig Venter Institute, 9704 Medical Center Drive, Rockville, MD 20850, USA	?
CUHK_AG03	sarslike	AY345988	2003-XX-XX	China	Hong Kong	genome	Human	SARS related coronavirus	?	?	Chim et al	https://www.ncbi.nlm.nih.gov/nuccore/AY345988	Genomic characterisation of the severe acute respiratory syndrome coronavirus of Amoy Gardens outbreak in Hong Kong	Lancet 362 (9398), 1807-1808 (2003)	?
BJ01	sarslike	AY278488	2003-XX-XX	China	China	genome	Human	SARS related coronavirus	?	?	Wu et al	https://www.ncbi.nlm.nih.gov/nuccore/AY278488	The E protein is a multifunctional membrane protein of SARS-CoV	Genomics Proteomics Bioinformatics 1 (2), 131-144 (2003)	?
UNKNOWN_DJ045279	sarslike	DJ045279	?	?	Na	genome	Unknown	SARS related coronavirus	?	?	Yang et al	https://www.ncbi.nlm.nih.gov/nuccore/DJ045279	IMAGEABLE ANIMAL MODEL OF SARS INFECTION	Patent: JP 2007505163-A 1 08-MAR-2007; ANTICANCER INC	?
BJ182_8	sarslike	EU371563	?	?	Na	genome	Unknown	SARS related coronavirus	?	?	Bao et al	https://www.ncbi.nlm.nih.gov/nuccore/EU371563	Direct Submission	Submitted (04-JAN-2008) Wenzhou Medical College, Institute of Biomedical Informatics, Wenzhou 325000, Zhejiang, China	?
PUMC03	sarslike	AY357076	?	?	Na	genome	Unknown	SARS related coronavirus	?	?	Zou et al	https://www.ncbi.nlm.nih.gov/nuccore/AY357076	Direct Submission	Submitted (31-JUL-2003) Biochemistry and Molecular Biology, Chinese Academy of Medical Sciences and Peking Union Medical College, 5# Dong Dan San Tiao, Beijing 100005, P.R. China	?
B039	sarslike	AY686864	2004-XX-XX	?	Na	genome	Civet	SARS related coronavirus	?	?	Xu et al	https://www.ncbi.nlm.nih.gov/nuccore/AY686864	Characterization of SARS-CoV like virus from animals in southern China	Unpublished	?
SARS/VeroE6_lab/USA/ExoN1_c13P10/2009	sarslike	KF514411	2009-05-19	North America	USA	genome	Unknown	SARS related coronavirus	?	?	Town et al	https://www.ncbi.nlm.nih.gov/nuccore/KF514411	Direct Submission	Submitted (08-JUL-2013) J. Craig Venter Institute, 9704 Medical Center Drive, Rockville, MD 20850, USA	?
Sequence_11_from_Patent_WO2006136448	sarslike	CS480537	?	?	Na	genome	Unknown	SARS related coronavirus	?	?	enjuanes Sanches et al	https://www.ncbi.nlm.nih.gov/nuccore/CS480537	Attenuated sars and use as a vaccine	Patent: WO 2006136448-A2 11 28-DEC-2006; Consejo Superior de Investigaciones Cientificas (ES)	?
TWC	sarslike	AY321118	?	China	Taiwan	genome	Unknown	SARS related coronavirus	?	?	Yang et al	https://www.ncbi.nlm.nih.gov/nuccore/AY321118	Genomic sequence of SARS isolate from the first fatal case in Taiwan	Unpublished	?
FRA	sarslike	AY310120	2003-XX-XX	?	Na	genome	Human	SARS related coronavirus	?	?	Stadler et al	https://www.ncbi.nlm.nih.gov/nuccore/AY310120	SARS--beginning to understand a new virus	Nat. Rev. Microbiol. 1 (3), 209-218 (2003)	?
HKU3_5	sarslike	GQ153540	?	?	Na	genome	Unknown	SARS related coronavirus	?	?	Lau et al	https://www.ncbi.nlm.nih.gov/nuccore/GQ153540	Ecoepidemiology and complete genome comparison of different strains of severe acute respiratory syndrome-related Rhinolophus bat coronavirus in China reveal bats as a reservoir for acute, self-limiting infection that allows recombination events	J. Virol. 84 (6), 2808-2819 (2010)	?
As6526	sarslike	KY417142	2014-05-12	China	China	genome	Bat	SARS related coronavirus	?	?	Hu et al	https://www.ncbi.nlm.nih.gov/nuccore/KY417142	Discovery of a rich gene pool of bat SARS-related coronaviruses provides new insights into the origin of SARS coronavirus	PLoS Pathog. 13 (11), e1006698 (2017)	?
GZ0401	sarslike	AY568539	2004-XX-XX	China	China	genome	Human	SARS related coronavirus	?	?	Song et al	https://www.ncbi.nlm.nih.gov/nuccore/AY568539	Cross-host evolution of severe acute respiratory syndrome coronavirus in palm civet and human	Proc. Natl. Acad. Sci. U.S.A. 102 (7), 2430-2435 (2005)	?
Sin3765V	sarslike	AY559084	?	Southeast Asia	Singapore	genome	Unknown	SARS related coronavirus	?	?	Vega et al	https://www.ncbi.nlm.nih.gov/nuccore/AY559084	Mutational dynamics of the SARS coronavirus in cell culture and human populations isolated in 2003	BMC Infect. Dis. 4, 32 (2004)	?
HKU3_8	sarslike	GQ153543	?	?	Na	genome	Unknown	SARS related coronavirus	?	?	Lau et al	https://www.ncbi.nlm.nih.gov/nuccore/GQ153543	Ecoepidemiology and complete genome comparison of different strains of severe acute respiratory syndrome-related Rhinolophus bat coronavirus in China reveal bats as a reservoir for acute, self-limiting infection that allows recombination events	J. Virol. 84 (6), 2808-2819 (2010)	?
BJ162	sarslike	AY864805	?	China	China	genome	Unknown	SARS related coronavirus	?	?	Bao et al	https://www.ncbi.nlm.nih.gov/nuccore/AY864805	Direct Submission	Submitted (26-DEC-2004) Institute of Biomedical Informatics, Wenzhou Medical College, Wenzhou 352000, China	?
PC4_13	sarslike	AY613948	2004-XX-XX	China	China	genome	Civet	SARS related coronavirus	?	?	Song et al	https://www.ncbi.nlm.nih.gov/nuccore/AY613948	Cross-host evolution of severe acute respiratory syndrome coronavirus in palm civet and human	Proc. Natl. Acad. Sci. U.S.A. 102 (7), 2430-2435 (2005)	?
Sequence_1_from_Patent_WO2006039656	sarslike	CS569493	?	?	Na	genome	Unknown	SARS related coronavirus	?	?	Han et al	https://www.ncbi.nlm.nih.gov/nuccore/CS569493	Modified small interfering rna molecules and methods of use	Patent: WO 2006039656-A2 1 13-APR-2006; Novartis Vaccines and Diagnostics, Inc. (US)	?
MA_15	sarslike	DQ497008	?	?	Na	genome	Mouse	SARS related coronavirus	?	?	Roberts et al	https://www.ncbi.nlm.nih.gov/nuccore/DQ497008	A mouse-adapted SARS-coronavirus causes disease and mortality in BALB/c mice	PLoS Pathog. 3 (1), E5 (2007)	?
ExoN1_mutant	sarslike	FJ882944	2007-09-22	North America	USA	genome	Unknown	SARS related coronavirus	?	?	Yount et al	https://www.ncbi.nlm.nih.gov/nuccore/FJ882944	Reverse genetics with a full-length infectious cDNA of severe acute respiratory syndrome coronavirus	Proc. Natl. Acad. Sci. U.S.A. 100 (22), 12995-13000 (2003)	?
BtCoV/273/2005	sarslike	DQ648856	?	?	Na	genome	Unknown	SARS related coronavirus	?	?	Tang et al	https://www.ncbi.nlm.nih.gov/nuccore/DQ648856	Prevalence and genetic diversity of coronaviruses in bats from China	J. Virol. 80 (15), 7481-7490 (2006)	?
Sin849	sarslike	AY559086	2003-XX-XX	Southeast Asia	Singapore	genome	Human	SARS related coronavirus	?	?	Vega et al	https://www.ncbi.nlm.nih.gov/nuccore/AY559086	Mutational dynamics of the SARS coronavirus in cell culture and human populations isolated in 2003	BMC Infect. Dis. 4, 32 (2004)	?
ZS_B	sarslike	AY394996	?	?	Na	genome	Unknown	SARS related coronavirus	?	?	?	https://www.ncbi.nlm.nih.gov/nuccore/AY394996	From independent foci of epidemic outbreak to large genomic alteration in late phase viruses: evolution of the SARS-coronavirus	Unpublished	?
TW8	sarslike	AY502931	2003-XX-XX	China	Taiwan	genome	Human	SARS related coronavirus	?	?	Yeh et al	https://www.ncbi.nlm.nih.gov/nuccore/AY502931	Characterization of severe acute respiratory syndrome coronavirus genomes in Taiwan: molecular epidemiology and genome evolution	Proc. Natl. Acad. Sci. U.S.A. 101 (8), 2542-2547 (2004)	?
Sin847	sarslike	AY559095	?	Southeast Asia	Singapore	genome	Unknown	SARS related coronavirus	?	?	Vega et al	https://www.ncbi.nlm.nih.gov/nuccore/AY559095	Mutational dynamics of the SARS coronavirus in cell culture and human populations isolated in 2003	BMC Infect. Dis. 4, 32 (2004)	?
CUHK_AG01	sarslike	AY345986	2003-XX-XX	China	Hong Kong	genome	Human	SARS related coronavirus	?	?	Chim et al	https://www.ncbi.nlm.nih.gov/nuccore/AY345986	Genomic characterisation of the severe acute respiratory syndrome coronavirus of Amoy Gardens outbreak in Hong Kong	Lancet 362 (9398), 1807-1808 (2003)	?
HKU3_1	sarslike	DQ022305	?	China	China	genome	Bat	SARS related coronavirus	?	?	Lau et al	https://www.ncbi.nlm.nih.gov/nuccore/DQ022305	Severe acute respiratory syndrome coronavirus-like virus in Chinese horseshoe bats	Proc. Natl. Acad. Sci. U.S.A. 102 (39), 14040-14045 (2005)	?
bat_SL_CoVZC45	sarslike	MG772933	2017-02-XX	China	China	genome	Bat	SARS related coronavirus	?	?	Hu et al	https://www.ncbi.nlm.nih.gov/nuccore/MG772933	Genomic Characterization and Infectivity of A Novel SARS-like coronavirus in Chinese Bats	Unpublished	?
SARS/VeroE6_lab/USA/WTic_c1.4P20/2010	sarslike	KF514392	2010-10-01	North America	USA	genome	Unknown	SARS related coronavirus	?	?	Town et al	https://www.ncbi.nlm.nih.gov/nuccore/KF514392	Direct Submission	Submitted (08-JUL-2013) J. Craig Venter Institute, 9704 Medical Center Drive, Rockville, MD 20850, USA	?
TW1	sarslike	AY291451	2003-XX-XX	China	Taiwan	genome	Human	SARS related coronavirus	?	?	Yeh et al	https://www.ncbi.nlm.nih.gov/nuccore/AY291451	Characterization of severe acute respiratory syndrome coronavirus genomes in Taiwan: molecular epidemiology and genome evolution	Proc. Natl. Acad. Sci. U.S.A. 101 (8), 2542-2547 (2004)	?
Rs4247	sarslike	KY417148	2013-04-17	China	China	genome	Bat	SARS related coronavirus	?	?	Hu et al	https://www.ncbi.nlm.nih.gov/nuccore/KY417148	Discovery of a rich gene pool of bat SARS-related coronaviruses provides new insights into the origin of SARS coronavirus	PLoS Pathog. 13 (11), e1006698 (2017)	?
ZS_A	sarslike	AY394997	?	?	Na	genome	Unknown	SARS related coronavirus	?	?	?	https://www.ncbi.nlm.nih.gov/nuccore/AY394997	From independent foci of epidemic outbreak to large genomic alteration in late phase viruses: evolution of the SARS-coronavirus	Unpublished	?
WH20	sarslike	AY772062	?	?	Na	genome	Unknown	SARS related coronavirus	?	?	Lu et al	https://www.ncbi.nlm.nih.gov/nuccore/AY772062	Humoral and cellular immune responses induced by 3a DNA vaccines against severe acute respiratory syndrome (SARS) or SARS-like coronavirus in mice	Clin. Vaccine Immunol. 16 (1), 73-77 (2009)	?
WH-Human_1	sarslike	WH-Human_1	2019-12-XX	China	China	genome	Human	novel coronavirus	?	?	Zhang et al	http://virological.org/t/initial-genome-release-of-novel-coronavirus/319	Initial genome release of novel coronavirus	?	?
LC4	sarslike	AY395001	?	?	Na	genome	Unknown	SARS related coronavirus	?	?	?	https://www.ncbi.nlm.nih.gov/nuccore/AY395001	From independent foci of epidemic outbreak to large genomic alteration in late phase viruses: evolution of the SARS-coronavirus	Unpublished	?
Sequence_2_from_Patent_WO2004096842	sarslike	CQ918585	?	?	Na	genome	Unknown	SARS related coronavirus	?	?	Plummer et al	https://www.ncbi.nlm.nih.gov/nuccore/CQ918585	Sars virus nucleotide and amino acid sequences and uses thereof	Patent: WO 2004096842-A2 2 11-NOV-2004; BC Cancer Agency (CA)	?
Rs3367	sarslike	KC881006	2012-03-19	China	China	genome	Bat	SARS related coronavirus	?	?	Ge et al	https://www.ncbi.nlm.nih.gov/nuccore/KC881006	Isolation and characterization of a bat SARS-like coronavirus that uses the ACE2 receptor	Nature 503, 535-538 (2013)	?
TW10	sarslike	AY502923	2003-XX-XX	China	Taiwan	genome	Human	SARS related coronavirus	?	?	Yeh et al	https://www.ncbi.nlm.nih.gov/nuccore/AY502923	Characterization of severe acute respiratory syndrome coronavirus genomes in Taiwan: molecular epidemiology and genome evolution	Proc. Natl. Acad. Sci. U.S.A. 101 (8), 2542-2547 (2004)	?
Rs4237	sarslike	KY417147	2013-04-17	China	China	genome	Bat	SARS related coronavirus	?	?	Hu et al	https://www.ncbi.nlm.nih.gov/nuccore/KY417147	Discovery of a rich gene pool of bat SARS-related coronaviruses provides new insights into the origin of SARS coronavirus	PLoS Pathog. 13 (11), e1006698 (2017)	?
TW3	sarslike	AY502926	2003-XX-XX	China	Taiwan	genome	Human	SARS related coronavirus	?	?	Yeh et al	https://www.ncbi.nlm.nih.gov/nuccore/AY502926	Characterization of severe acute respiratory syndrome coronavirus genomes in Taiwan: molecular epidemiology and genome evolution	Proc. Natl. Acad. Sci. U.S.A. 101 (8), 2542-2547 (2004)	?
GDH_BJH01	sarslike	DQ640652	?	China	China	genome	Human	SARS related coronavirus	?	?	Cai et al	https://www.ncbi.nlm.nih.gov/nuccore/DQ640652	Direct Submission	Submitted (14-MAY-2006) National Center for Clinical Laboratory, Beijing Hospital, 1 Da Hua Road, Dong Dan, Beijing 100730, China	?
SARS/VeroE6_lab/USA/WTic_c2P1/2009	sarslike	KF514408	2009-03-18	North America	USA	genome	Unknown	SARS related coronavirus	?	?	Town et al	https://www.ncbi.nlm.nih.gov/nuccore/KF514408	Direct Submission	Submitted (08-JUL-2013) J. Craig Venter Institute, 9704 Medical Center Drive, Rockville, MD 20850, USA	?
Rs4255	sarslike	KY417149	2013-04-17	China	China	genome	Bat	SARS related coronavirus	?	?	Hu et al	https://www.ncbi.nlm.nih.gov/nuccore/KY417149	Discovery of a rich gene pool of bat SARS-related coronaviruses provides new insights into the origin of SARS coronavirus	PLoS Pathog. 13 (11), e1006698 (2017)	?
GZ02	sarslike	AY390556	2003-XX-XX	China	China	genome	Human	SARS related coronavirus	?	?	Zhou et al	https://www.ncbi.nlm.nih.gov/nuccore/AY390556	SARS coronavirus GZ02 isolate genome sequence	Unpublished	?
Rp3	sarslike	DQ071615	?	China	China	genome	Bat	SARS related coronavirus	?	?	Li et al	https://www.ncbi.nlm.nih.gov/nuccore/DQ071615	Bats are natural reservoirs of SARS-like coronaviruses	Science 310 (5748), 676-679 (2005)	?
LLJ_2004	sarslike	AY595412	?	?	Na	genome	Unknown	SARS related coronavirus	?	?	Li et al	https://www.ncbi.nlm.nih.gov/nuccore/AY595412	The genome sequence of the SARS-associated coronavirus	Unpublished	?
PC4_227	sarslike	AY613950	2004-XX-XX	China	China	genome	Civet	SARS related coronavirus	?	?	Song et al	https://www.ncbi.nlm.nih.gov/nuccore/AY613950	Cross-host evolution of severe acute respiratory syndrome coronavirus in palm civet and human	Proc. Natl. Acad. Sci. U.S.A. 102 (7), 2430-2435 (2005)	?
SZ13	sarslike	AY304487	?	China	Hong Kong	genome	Unknown	SARS related coronavirus	?	?	Guan et al	https://www.ncbi.nlm.nih.gov/nuccore/AY304487	Isolation and characterization of viruses related to the SARS coronavirus from animals in southern China	Science 302 (5643), 276-278 (2003)	?
SARS/VeroE6_lab/USA/ExoN1_c8P20/2009	sarslike	KF514410	2009-07-08	North America	USA	genome	Unknown	SARS related coronavirus	?	?	Town et al	https://www.ncbi.nlm.nih.gov/nuccore/KF514410	Direct Submission	Submitted (08-JUL-2013) J. Craig Venter Institute, 9704 Medical Center Drive, Rockville, MD 20850, USA	?
WTic	sarslike	JF292921	2009-03-18	North America	USA	genome	Unknown	SARS related coronavirus	?	?	Town et al	https://www.ncbi.nlm.nih.gov/nuccore/JF292921	Direct Submission	Submitted (20-JAN-2011) J. Craig Venter Institute, 9704 Medical Center Drive, Rockville, MD 20850, USA	?
AS	sarslike	AY427439	2003-XX-XX	?	Na	genome	Human	SARS related coronavirus	?	?	Balotta et al	https://www.ncbi.nlm.nih.gov/nuccore/AY427439	Direct Submission	Submitted (02-OCT-2003) Institute of Infectious and Tropical Diseases, 'L.Sacco' Hospital, University of Milan, Via G.B. Grassi, 74, Milan 20157, Italy	?
SoD	sarslike	AY461660	?	West Asia	Russia	genome	Human	SARS related coronavirus	?	?	Onishchenko et al	https://www.ncbi.nlm.nih.gov/nuccore/AY461660	The complete genome of the SARS associated Coronavirus isolate SoD	Unpublished	?
BJ182b	sarslike	EU371561	?	?	Na	genome	Unknown	SARS related coronavirus	?	?	Bao et al	https://www.ncbi.nlm.nih.gov/nuccore/EU371561	Direct Submission	Submitted (04-JAN-2008) Wenzhou Medical College, Institute of Biomedical Informatics, Wenzhou 325000, Zhejiang, China	?
ShanghaiQXC2	sarslike	AY463060	?	China	China	genome	Unknown	SARS related coronavirus	?	?	Yuan et al	https://www.ncbi.nlm.nih.gov/nuccore/AY463060	Analysis of SARS coronavirus genome in Shanghai isolates	Unpublished	?
GZ_C	sarslike	AY394979	?	?	Na	genome	Unknown	SARS related coronavirus	?	?	?	https://www.ncbi.nlm.nih.gov/nuccore/AY394979	From independent foci of epidemic outbreak to large genomic alteration in late phase viruses: evolution of the SARS-coronavirus	Unpublished	?
Sino3_11	sarslike	AY485278	?	China	China	genome	Human	SARS related coronavirus	?	?	Zhang et al	https://www.ncbi.nlm.nih.gov/nuccore/AY485278	Preparation and characterization of SARS in-house reference antiserum	Vaccine 23 (48-49), 5666-5669 (2005)	?
BJ182_4	sarslike	EU371562	?	?	Na	genome	Unknown	SARS related coronavirus	?	?	Bao et al	https://www.ncbi.nlm.nih.gov/nuccore/EU371562	Direct Submission	Submitted (04-JAN-2008) Wenzhou Medical College, Institute of Biomedical Informatics, Wenzhou 325000, Zhejiang, China	?
UNKNOWN_FV537213	sarslike	FV537213	?	?	Na	genome	Unknown	SARS related coronavirus	?	?	Millar et al	https://www.ncbi.nlm.nih.gov/nuccore/FV537213	Modified Microbial Nucleic Acid	Patent: JP 2009538603-A 1192 12-NOV-2009; Human Genetic Signatures Pty Ltd	?
UNKNOWN_CS274821	sarslike	CS274821	?	?	Na	genome	Unknown	SARS related coronavirus	?	?	Enjuanes Sanches et al	https://www.ncbi.nlm.nih.gov/nuccore/CS274821	Vaccine against severe accute respiratory syndrome causing coronavirus (SARS-CoV)	Patent: EP 1632564-A1 1 08-MAR-2006; CONSEJO SUPERIOR DE INVESTIGACIONES CIENTIFICAS (ES)	?
TC2	sarslike	AY338175	?	China	Taiwan	genome	Unknown	SARS related coronavirus	?	?	Shih et al	https://www.ncbi.nlm.nih.gov/nuccore/AY338175	SARS-CoV infection was from at least two origins in the Taiwan area	Intervirology 48 (2-3), 124-132 (2005)	?
Sequence_11_from_Patent_EP1736539	sarslike	CS460762	?	?	Na	genome	Unknown	SARS related coronavirus	?	?	Alvarez Gomez et al	https://www.ncbi.nlm.nih.gov/nuccore/CS460762	Attenuated SARS-CoV vaccines	Patent: EP 1736539-A1 11 27-DEC-2006; CONSEJO SUPERIOR DE INVESTIGACIONES CIENTIFICAS (ES)	?
SARS/VeroE6_lab/USA/WTic_c3P1/2009	sarslike	KF514418	2009-03-18	North America	USA	genome	Unknown	SARS related coronavirus	?	?	Town et al	https://www.ncbi.nlm.nih.gov/nuccore/KF514418	Direct Submission	Submitted (08-JUL-2013) J. Craig Venter Institute, 9704 Medical Center Drive, Rockville, MD 20850, USA	?
PC4_136	sarslike	AY613949	2004-XX-XX	China	China	genome	Civet	SARS related coronavirus	?	?	Song et al	https://www.ncbi.nlm.nih.gov/nuccore/AY613949	Cross-host evolution of severe acute respiratory syndrome coronavirus in palm civet and human	Proc. Natl. Acad. Sci. U.S.A. 102 (7), 2430-2435 (2005)	?
A022	sarslike	AY686863	2004-XX-XX	?	Na	genome	Civet	SARS related coronavirus	?	?	Kan et al	https://www.ncbi.nlm.nih.gov/nuccore/AY686863	Molecular evolution analysis and geographic investigation of severe acute respiratory syndrome coronavirus-like virus in palm civets at an animal market and on farms	J. Virol. 79 (18), 11892-11900 (2005)	?
SIN2500	sarslike	AY283794	?	Southeast Asia	Singapore	genome	Unknown	SARS related coronavirus	?	?	Ruan et al	https://www.ncbi.nlm.nih.gov/nuccore/AY283794	Comparative full-length genome sequence analysis of 14 SARS coronavirus isolates and common mutations associated with putative origins of infection	Lancet 361 (9371), 1779-1785 (2003)	?
UNKNOWN_DL008547	sarslike	DL008547	?	?	Na	genome	Unknown	SARS related coronavirus	?	?	Charneau et al	https://www.ncbi.nlm.nih.gov/nuccore/DL008547	NOVEL STRAIN OF SARS-ASSOCIATED CORONAVIRUS AND APPLICATIONS	Patent: JP 2007536907-A 21 20-DEC-2007; INSTITUT PASTEUR,CENTRE NATIONAL DE LA RECHERCHE SCIENTIFIQUE, UNIVERSITE PARIS 7,Sylvie VAN DER WERF,Nicolas ESCRIOU, Bernadette CRESCENZO-CHAIGNE,Jean-Claude MANUGUERRA,Franck KUNST, Benoit CALLENDRET,Jean-Michel BETTON,Valerie LORIN,Sylvie GERBAUD, Ana Maria BURGUIERE,Saliha AZEBI,Pierre CHARNEAU,Frederic TANGY, Chantal COMBREDET,Jean-Francois DELAGNEAU,Monique MARTIN	?
BetaCoV/Wuhan/IVDC-HB-05/2019	sarslike	EPI_ISL_402121	2019-12-30	China	China	genome	Human	novel coronavirus	National Institute for Viral Disease Control and Prevention, China CDC	National Institute for Viral Disease Control and Prevention, China CDC	Wenjie Tan, Xiang Zhao, Wenling Wang, Xuejun Ma, Yongzhong Jiang, Roujian Lu, Ji Wang, Weimin Zhou, Peihua Niu, Peipei Liu, Faxian Zhan, Weifeng Shi, Baoying Huang, Jun Liu, Li Zhao, Yao Meng, Xiaozhou He, Fei Ye, Na Zhu, Yang Li, Jing Chen, Wenbo Xu, George F. Gao, Guizhen Wu	https://www.gisaid.org/	Newly discovered betacoronavirus, Wuhan 2019-2020	?	?
CUHK_Su10	sarslike	AY282752	2003-XX-XX	?	Na	genome	Human	SARS related coronavirus	?	?	Tsui et al	https://www.ncbi.nlm.nih.gov/nuccore/AY282752	Coronavirus genomic-sequence variations and the epidemiology of the severe acute respiratory syndrome	N. Engl. J. Med. 349 (2), 187-188 (2003)	?
